Date,CE_M1_D1,CE_M1_D2,CE_M1_D3,CE_M1_D4,CE_M2_D1,CE_M2_D2,CE_M2_D3,CE_M2_D4,CE_M3_D1,CE_M3_D2,CE_M3_D3,CE_M3_D4,CE_M4_D1,CE_M4_D2,CE_M4_D3,CE_M4_D4,CE_M5_D1,CE_M5_D2,CE_M5_D3,CE_M5_D4,PE_M1_D1,PE_M1_D2,PE_M1_D3,PE_M1_D4,PE_M2_D1,PE_M2_D2,PE_M2_D3,PE_M2_D4,PE_M3_D1,PE_M3_D2,PE_M3_D3,PE_M3_D4,PE_M4_D1,PE_M4_D2,PE_M4_D3,PE_M4_D4,PE_M5_D1,PE_M5_D2,PE_M5_D3,PE_M5_D4,Spot,VIX
2024-01-01,0.3651483026237438,0.2109617976518454,0.1277031248050266,0.1997815258414922,0.2318819867451933,0.1814374030199383,0.1252875753867332,0.1786069735003322,0.1648026635420189,0.1506473260730943,0.1609920478827528,0.1588758196967987,0.15472174487842288,0.13723395314025943,0.14213938884130273,0.1472766173124146,0.1916882166484212,0.1329907026264924,0.1381567434881188,0.1378557745049148,0.21335630153653434,0.1640797539041342,0.15731678189694365,0.15895149208474355,0.1585691951932893,0.1440688530199992,0.145971643607369,0.1436277243582889,0.1155450583383352,0.1203199214684042,0.1232034432248248,0.1292476143316552,0.2078205160916194,0.079356943271079,0.1165500960248098,0.10658470552034616,0.3608226083570208,0.11655491251626379,0.1198634434934152,0.09604931074326555,21741.900390625,14.579999923706056
2024-01-02,0.3164323674362053,0.1340459284847539,0.129486842601889,0.1480771319867126,0.1262853768577333,0.1346948731607991,0.13788912702395395,0.1490374361475511,0.129504413997794,0.1305583195246991,0.1366550487243468,0.1406752308978566,0.156873833779061,0.1240986195802881,0.1283103053006895,0.1316307987754021,0.24245396768096467,0.1348425126688208,0.12810878433364303,0.12905007807747276,0.2418530751917991,0.1641899209513362,0.1609078825692345,0.1580465369083331,0.1768147827908273,0.14740082315267095,0.1497422057532328,0.14927153535174265,0.1463369708234917,0.1333803727140481,0.1369544433605743,0.1391315030184449,0.2078205160916194,0.1262551335032629,0.1216949647750308,0.1288021022910271,0.3608226083570208,0.11634750718238845,0.119432206733935,0.12757053863113865,21665.80078125,14.579999923706056
2024-01-03,0.2655822388421276,0.1399242784219726,0.1279816160964816,0.1431862078863819,0.1262853768577333,0.1233200132899644,0.1336928728315022,0.1406860481257789,0.1128972367759244,0.11697557617786625,0.12669971268169825,0.13337157831139745,0.1820006980609798,0.1153493184730329,0.1220659633795471,0.1263815522268826,0.3026471370460034,0.1317526277422195,0.12192853182368675,0.12373203510924646,0.30086040434317,0.1569804232690172,0.1507815053068328,0.1538330239972862,0.1720043567096556,0.1389779880819878,0.1404116466023014,0.1438199025592688,0.14576265529092816,0.12914590344141647,0.13174553625770785,0.13441809477543526,0.2959659115265689,0.1315384258573169,0.1258834822565904,0.1268799790493991,0.5371200563687908,0.1160089109289606,0.1191217781931831,0.12103469594133259,21517.349609375,14.100000381469728
2024-01-04,0.1895210865388244,0.1289985605563661,0.1742749188523789,0.1263458411643207,0.15945444798617195,0.13829595406541614,0.1546160294243357,0.12451909160679564,0.1156643867151621,0.1253919131503099,0.1364451311169078,0.1448094593651974,0.1077986435353959,0.1156340919112852,0.1244232353265553,0.1333343983833952,0.12832534497114664,0.1167904339382844,0.12023186684382435,0.12559229142955725,0.1501982012486615,0.1357830403396173,0.1409836143083119,0.1222997672161922,0.11487527642667975,0.120038832558524,0.12899860711510464,0.13188172523482594,0.0985976078349964,0.1095890135188974,0.1158039712539723,0.1220222293848564,0.07572104521202455,0.1206198241330844,0.0992799499605002,0.1211428727896521,0.1029909852065189,0.11873459120583729,0.1187759625905866,0.12013835895237085,21658.599609375,13.329999923706056
2024-01-05,0.189508838317838,0.1281410566603423,0.1386047278276617,0.126120780042406,0.10964017883659424,0.11399018490831664,0.12952359565103566,0.12440163034345231,0.1005669402892319,0.1071022775092132,0.1205561894846942,0.1290776988628629,0.0969907362476545,0.1007547946755892,0.1093922769144195,0.1171099392279015,0.12919293100674795,0.10661923314644055,0.1078356306299307,0.11610050159757135,0.155697757658072,0.1365727551585052,0.1396438612169261,0.1396478964462781,0.11658873027055015,0.11744372719267135,0.1282483516070695,0.1321114537397827,0.0984554696392401,0.1065019375313378,0.1164273337522487,0.1236232333336319,0.09252759855480715,0.1016671190062382,0.1067543884876458,0.1208972412986576,0.100793787754099,0.11814416141775075,0.11109450706626225,0.1198507337368855,21710.80078125,12.630000114440918
2024-01-08,0.1879036548630491,0.1289185882364731,0.1419552050401195,0.12647665112479,0.15238902270362253,0.12825170600045965,0.14251734282321935,0.12421715606701364,0.1338389415444751,0.124557370662969,0.1316916420910039,0.1386405028841054,0.1441100502632042,0.1208107010237809,0.1228683234126249,0.1306985289540298,0.19813390872174824,0.1290366111056171,0.1222931022948703,0.1269755570849163,0.1971840957214584,0.1515927351752627,0.1537123601410709,0.1495311213606237,0.14429304649837435,0.13430681703068992,0.1414246083821378,0.14162708944536673,0.12770996722681,0.1225107946036365,0.1301048013588733,0.1303878058625847,0.131116822726683,0.1201873663783671,0.12203062195231,0.120876976185033,0.19808078883727553,0.1170550374212917,0.11195522306153124,0.1198375888983205,21513.0,13.460000038146973
2024-01-09,0.2185626836871451,0.1356113843427759,0.15939493980443187,0.12632827646669875,0.1494134368169472,0.1336938579546432,0.141877145682474,0.1240786624243123,0.1336560947144688,0.1222428649676403,0.1293924623462098,0.1379681451132149,0.151333983598824,0.1168798596167914,0.12070931245900385,0.12980658679149565,0.2254647360171816,0.1277893017910299,0.1201297813372833,0.1251019314171607,0.22878988593129146,0.15632533661044057,0.15180899525501995,0.14913306462701398,0.1560430396970836,0.1350892854203972,0.1378188734897335,0.1379557612404837,0.1325928030243996,0.1190029200441712,0.1249834981629796,0.1276538948453721,0.1414831741274151,0.11030568082500435,0.11395892372453445,0.12003321716709205,0.3457893832812,0.1150796957973637,0.10759676879955095,0.1192647296485212,21544.849609375,13.260000228881836
2024-01-10,0.5649457752533302,0.1480959260203782,0.1843428348621688,0.1261088720069914,0.3830083933013621,0.1642547333820471,0.1513903920131997,0.1239094333965263,0.1704902085796392,0.13014289412921226,0.13424547208150556,0.14574583609182223,0.1632079510942098,0.1188229049183325,0.1224928946349947,0.1327895717825551,0.27276684355267705,0.1274390552434977,0.12342821251146215,0.12675383270670681,0.3197144526151532,0.1519452055810799,0.1461288316301826,0.1480479021680527,0.1940853677549107,0.1233326024840404,0.1280586951477665,0.1351137340743786,0.10721188491566311,0.10469099919420505,0.1153535683964278,0.1233445237591759,0.1414831741274151,0.0859437867095725,0.0979792221412566,0.1204995542315775,0.3457893832812,0.11489404899816295,0.1153010959984758,0.11920575412761614,21618.69921875,12.970000267028809
2024-01-11,0.13855820161082366,0.1270431924999006,0.12600301477992215,0.12553045805391788,0.0982889678168887,0.1042901516469782,0.1237315054172229,0.1234626684840174,0.1061857783878036,0.1141614705694858,0.1295708589762878,0.1290092627831703,0.10832884295747841,0.11250181423226185,0.1234010393684198,0.12254071016339821,0.1275144920493038,0.1171476410253696,0.1229455817196784,0.1221693068661103,0.15376379504038054,0.14836715762985025,0.14585001925319502,0.1213102755069887,0.1313780912475972,0.1349445510336978,0.1400490707602336,0.1212161363922587,0.1226222953293132,0.1288788539735423,0.1330498738139713,0.1209737116403036,0.1354875301757062,0.13016077465165138,0.12056630971670175,0.12037972033809755,0.11599446330926941,0.1456135025759181,0.1184935228189523,0.1192061869068765,21647.19921875,12.770000457763672
2024-01-12,0.2344576535920126,0.150928090791173,0.1265958205053009,0.1259787774304536,0.148545579043425,0.1408615479822217,0.1539574587977163,0.1242791847364435,0.1205903163245363,0.1254742136223869,0.1431631305513168,0.1401961783344313,0.1105308869892625,0.1161396910728268,0.1308950473008246,0.1286307186229266,0.13916763151459385,0.11611457210076134,0.12624551991170818,0.1225153303477209,0.1802135207100904,0.1595785393046067,0.1571511058914778,0.1216926603063638,0.1424671278075478,0.1371950100710404,0.1411351634956785,0.1391568290107052,0.1170460393489399,0.1226344029576066,0.1303120964262495,0.1316063662911384,0.1040461053193704,0.1132896487049977,0.1207497610548112,0.1207290731388701,0.11108367244718526,0.11467132059625104,0.11902962933549625,0.11945858829308235,21894.55078125,13.100000381469728
2024-01-15,0.2594551592889945,0.1708786779393214,0.127901554761077,0.1262620603326546,0.1983681451686862,0.1530359525958378,0.1640853262566394,0.1241999245273467,0.1418106594236309,0.1346205766892722,0.1495081527843989,0.1426789141463061,0.1326278940752404,0.127237578444768,0.1400765216956386,0.1342342940442039,0.1882423793111985,0.1338441280401787,0.1372972987476225,0.1323709155252986,0.2469373957695671,0.1816414463810439,0.1698993879062705,0.1544934796641135,0.1834891557405495,0.1538693680120366,0.1502595611173849,0.1491093057254693,0.1366176946149611,0.1349441151493119,0.1384591576695323,0.1414209153127568,0.11631527079481324,0.1282406499599684,0.1209269718126328,0.1210651000538367,0.1703726204687073,0.1186593277016702,0.1191549900487514,0.1193912926769809,22097.44921875,13.789999961853027
2024-01-16,0.2632503231515309,0.137092951200047,0.1269540376147504,0.1259787848760652,0.1323299198774184,0.1061631176102221,0.1390036370410733,0.133189699248374,0.1297881498183447,0.1168353468925919,0.1349022621778003,0.133845052545329,0.14934658117392818,0.12190952275898655,0.13493864289861557,0.132966472979402,0.2210537697312322,0.1339721141269509,0.13898159889835,0.1340200332930209,0.2687903425557273,0.1752626960451231,0.1654182840354148,0.121677355884454,0.188796466987221,0.1506264450367459,0.1495369889983752,0.1476807423268371,0.1480234500307229,0.1451357252310177,0.1456579571844279,0.1437865891255543,0.187419550403106,0.15534263516614538,0.1208375321419762,0.12074514406775555,0.3104275768840349,0.1778198563006731,0.1185312219047351,0.1192351748148386,22032.30078125,13.56999969482422
2024-01-17,0.29641315866470763,0.1618434531940247,0.129080340565962,0.1280087691848045,0.17801270017815402,0.1668067323998674,0.1258729439076431,0.125558132792747,0.1732030428262315,0.15951822119800368,0.1727997825959389,0.16623673934793382,0.2143707773087872,0.1552307420194158,0.1643911741620096,0.162310833467474,0.3387476073408367,0.1635436206051618,0.1652869165758089,0.1602782004692867,0.304956840133139,0.1996506234374245,0.1820401715620538,0.1236550953019746,0.2172424332620361,0.1781919758889917,0.1696865931018688,0.1235803594791636,0.18331381734892926,0.16789459437351784,0.1583501141720323,0.15769781305623584,0.2624114532298764,0.1662220699903588,0.1498357886090637,0.1533183906124771,0.383386298655748,0.1815601004853371,0.1202171158843241,0.1211060415004916,21571.94921875,15.079999923706056
2024-01-18,0.2564135131088383,0.1291456465604691,0.127869425170305,0.127487934191662,0.20211035024896978,0.15767388549901265,0.12574864575027775,0.12551068459280934,0.1618508396667167,0.175454707570038,0.1658278231057761,0.157213453240552,0.149944655147226,0.1575447575189167,0.1566217614590686,0.1445183023878092,0.1576907811761576,0.15808339768010585,0.15341002009118235,0.13468382595010356,0.1758915371363349,0.1606906593791715,0.12352015611754,0.1233966255505278,0.14681291362637938,0.14386553851308015,0.13269958462597106,0.12328364103056674,0.1255434176317101,0.131354198486693,0.1331195172993081,0.1230999147830259,0.1005815741360383,0.1057574800325205,0.1221425287741222,0.122375067062763,0.383386298655748,0.1191854101381714,0.12093335269474755,0.1212794282558295,21462.25,14.06999969482422
2024-01-19,0.2365857610665328,0.1320603628560336,0.1280455349941467,0.1275334809797129,0.1872486428444303,0.1881370685721387,0.1256489824939437,0.1254095812313849,0.1454996484505437,0.16473649080231478,0.16003784859278494,0.15222656630130005,0.1384552279304403,0.1487483073308578,0.1484455830492594,0.1245013762266978,0.1557716374186581,0.1492077132978611,0.1448854668966985,0.13828583871781,0.1831112895684815,0.1639593217038899,0.1235597845330935,0.1233817713224905,0.143877105948097,0.145979805139562,0.1416286617747529,0.1364144267423437,0.12006904020390055,0.13003791379361895,0.1321621578570912,0.12960711188305657,0.0959747103779749,0.1080342317890187,0.121994887918006,0.1223797384749863,0.383386298655748,0.1179050287614784,0.1207875161145994,0.1211684124470658,21622.400390625,13.880000114440918
2024-01-23,0.1881415643152997,0.1611258583300278,0.1297099777658578,0.1281623391576773,0.1872486428444303,0.17225363720133702,0.12629600045602296,0.12615332852898897,0.1499470021356463,0.1691188971162224,0.1666055004060876,0.1561625033849375,0.2030827351621142,0.1692147356357859,0.1638176608736622,0.1520664906368871,0.2780168327350921,0.1855370421617429,0.1673334856957332,0.1554902300559541,0.2614222923374439,0.1963041684952748,0.1837962407108277,0.1240586794574276,0.21857318063283337,0.1846223646892875,0.1759682176875524,0.1239925202939923,0.2352761853014259,0.1772448407550973,0.1685814602459038,0.1590287923376923,0.3402488443987783,0.17684310280491394,0.16297205065827963,0.15512760985773472,0.4834824012185622,0.1880170020246349,0.1220935656976469,0.1219682854272091,21238.80078125,14.850000381469728
2024-01-24,0.4937807313175399,0.2701974901373996,0.1294876926520557,0.1285005292675726,0.3445620341497897,0.22123337338920046,0.18630693404962806,0.12655782533314144,0.1938121139183021,0.1870433325075848,0.1721880816096781,0.1580757111773042,0.19498344857797084,0.16824658069602383,0.16097550868586658,0.14937129765487525,0.290318875317112,0.1699697908734716,0.1603142148847944,0.1474536880138387,0.3474266559996919,0.1860154878459739,0.1686111780166897,0.1243044256404802,0.24267974013661245,0.16325671064359198,0.1595567475672925,0.12422087894038569,0.15970837426169604,0.1417500654696928,0.1426417238149346,0.139029022797406,0.3402488443987783,0.10759897838882601,0.1233607109196605,0.1260991341738927,0.4834824012185622,0.1184092589473294,0.12093938067842115,0.1219959302548701,21453.94921875,14.380000114440918
2024-01-25,0.2326592307970075,0.1317555765729631,0.1289402215453014,0.1280347445071645,0.2011271380064738,0.14806638776422945,0.12637210845788355,0.12627138396040125,0.170007966315583,0.1629167442683924,0.1478897856876268,0.1387790118185411,0.16047768617891,0.15431397516878484,0.14418886097477124,0.13973991195277916,0.1650240518626571,0.1547853703672775,0.1447328401102657,0.1350747491066653,0.1824846692759155,0.1680426369502266,0.124134412187535,0.1240717975542798,0.1550695640320416,0.15231955489396198,0.13359841939673814,0.1334469648501257,0.1377023361701851,0.1362123193619168,0.1373377279500586,0.1349339115309206,0.1141052205885367,0.12273123616611026,0.12318660454613714,0.12305964288397005,0.1042424857872324,0.1192186384434224,0.1209661060130663,0.1219806634184484,21352.599609375,13.869999885559082
2024-01-29,0.37222131926953517,0.13863860138375025,0.15729648358854395,0.1294089697929886,0.2666406136440317,0.2153311418143459,0.1739894001175483,0.1278570543172073,0.2357422295332436,0.1904998489685878,0.1707010094612757,0.1560744449787205,0.21486500574466927,0.18018605048034841,0.1628390354472381,0.13616764813086651,0.215111937650576,0.1753273032343925,0.1592180763830772,0.1262127081600506,0.27463013662151103,0.2126979869960523,0.1861961098628132,0.1484351400439706,0.2355417177774708,0.1940289813290052,0.1771686343261741,0.165006485193017,0.20994192079686,0.1786243340993976,0.1662678337904616,0.1541256541559147,0.16145222472252496,0.16242474570118345,0.12462372532947955,0.12448571572464405,0.1042424857872324,0.1203678806406989,0.1227053976154062,0.1232307453753766,21737.599609375,15.68000030517578
2024-01-30,0.3398594704468867,0.1393407202047773,0.1306936874938566,0.1297930150618245,0.2959719252838333,0.2094052444370473,0.1280417175140416,0.1276771917817065,0.2503497989596304,0.2001281394263711,0.1767053116767203,0.16149362714418714,0.2379524349827242,0.1927044899386862,0.1722664778402555,0.1571519837840962,0.2657822473139253,0.1919426300964427,0.1703143867155161,0.1543031563244035,0.2751710648175378,0.2139755890742082,0.1257345551732315,0.1256354078003847,0.2498051565579046,0.1993563501858153,0.1794407470898294,0.1671155154154774,0.2266761151985337,0.18822522376248485,0.172182896210269,0.16314644072979034,0.1910942520165137,0.1749765903598592,0.1674780905699852,0.1248572073601903,0.1042424857872324,0.15110559673359608,0.12276568514731864,0.1236067529866379,21522.099609375,16.100000381469727
2024-01-31,0.3771984504480966,0.1496335705056185,0.1318449501267633,0.1304833434817384,0.3016672290712757,0.2003016903433992,0.1601439439450849,0.1279438478458998,0.28553644538303047,0.19149895439000075,0.17125616406798466,0.1551211166739852,0.3173062134953134,0.1871105278196252,0.1679862382550003,0.1537450421255772,0.3642644385654583,0.1915845983583933,0.169388898704067,0.1515163426985097,0.4052338334929659,0.2226401488114686,0.1956502890978624,0.1258120103141383,0.3133647345810402,0.2056809845432491,0.1894015822468703,0.1734439855011922,0.28041849643247596,0.19528933438411375,0.180275780834108,0.1676169815365683,0.3004466394490168,0.1913712570047458,0.1249009371868371,0.1248445932321258,0.4169226214229386,0.1823712396034313,0.1226352206074457,0.1234021045308108,21725.69921875,16.049999237060547
2024-02-01,0.3771984504480966,0.13142931159819224,0.1297412159743582,0.1240534707110984,0.1230881995473686,0.1287041167255686,0.1273986960597669,0.1238066241883056,0.1290025371451801,0.1307679687870816,0.1257967614656201,0.1246761819258303,0.13362012502405446,0.1294000254707397,0.1244007637290929,0.12256378644171045,0.1477610046365489,0.1355073824141502,0.1261558295385968,0.1232481726780294,0.1788311419735982,0.16613858937201376,0.14131827606336428,0.15782797774444873,0.1567601156828939,0.1549442302420849,0.1499819167760702,0.1524635172287252,0.1485834027890541,0.150145538658825,0.1496831584452961,0.1471367417908711,0.1604624438084702,0.1502831044293154,0.1245519570905132,0.14658205226505377,0.17477621184152664,0.1222417439897398,0.123116106346541,0.1234140480133145,21697.44921875,14.460000038146973
2024-02-02,0.17312340888804564,0.14359998565379264,0.13034083766322285,0.1516515421214244,0.160163732387028,0.152660411642534,0.127911766159517,0.1449186454181421,0.1427497594515332,0.1439477394305292,0.138928200755977,0.1374148436168153,0.1380686302404309,0.136997336227896,0.1330657297759177,0.1305122818961737,0.15026371723887566,0.13691651695143597,0.13126467656251314,0.12828415050563047,0.17559567614842042,0.16280442079503,0.15797496963931315,0.1581367515511275,0.1526092523408251,0.1490378389863867,0.1483735544600379,0.1476620207863715,0.1364995132071334,0.1387072495367852,0.1409249043735573,0.139700447810761,0.1294701318256551,0.1310273142289715,0.1245528049303507,0.1320332708711646,0.1361070784921145,0.1217520100889446,0.12292694655741049,0.12486621317921234,21853.80078125,14.699999809265137
2024-02-05,0.1913373481660381,0.1335715154418288,0.1299559683156941,0.1229183916429128,0.1212004350755636,0.1257180454541405,0.1271368433562391,0.1273602621795214,0.15614806926608116,0.13905897308601464,0.1325235745293984,0.13051288524719085,0.1794254742318057,0.1418125469726678,0.1338927745779893,0.129372431880569,0.2069396026724266,0.1516519578137514,0.1380602844461832,0.1306227612887114,0.2200774960797649,0.1840161883956133,0.1734316277692992,0.1704913217591186,0.2050522183213517,0.1747475110103747,0.1658383412343791,0.1633589701160979,0.2101287464552816,0.17121982770652044,0.1638234344868355,0.1595567234281784,0.269364774487094,0.182282124115036,0.1627956329176483,0.1600704679660153,0.3909479739900762,0.121656153522929,0.1222677733421648,0.1232953629569349,21771.69921875,15.619999885559082
2024-02-06,0.2237898135872208,0.1413501574314432,0.1301046201419903,0.1315899421381832,0.16962120591660115,0.1510336235281572,0.1278054090612631,0.1405191636919895,0.1742227133246993,0.14799683858275836,0.13917212220562944,0.13622204249701264,0.1708786741843711,0.1436454394533907,0.1357180433838099,0.1312385283563129,0.2177405842846403,0.1427499779460224,0.1356654944536341,0.1310956696714718,0.2679411155167714,0.1938341934537213,0.1804428704809213,0.1730098180607913,0.2153819985231209,0.1779320359901854,0.1687745898336864,0.163184607987813,0.19543053150707723,0.16613679289353467,0.1595750045586751,0.15548393896141155,0.1954444099075699,0.1604207986520895,0.1242678197304171,0.1512744982435711,0.3370505272719626,0.118984107692698,0.1221964334755687,0.1522025421357999,21929.400390625,15.789999961853027
2024-02-07,0.4683151650676748,0.1646879996959512,0.1308284337566409,0.1314979235193358,0.3205764743676333,0.1539528563256172,0.1272188801947898,0.1424159292899398,0.181703472977772,0.14605884418237686,0.14345730950447066,0.1388220436318568,0.180653362448848,0.141558369460659,0.1384164662606591,0.1339564213051824,0.2819899851259196,0.1433882727798096,0.1366183501478154,0.1327110090644003,0.316561417069177,0.174542635205346,0.1668976514773306,0.1649312987746007,0.2101097877073834,0.1565025183402975,0.1552338310846685,0.1552559674684267,0.15530463652721688,0.1451699539869386,0.14769318661695097,0.14663782181069865,0.1295921555098866,0.1436614022465012,0.1432121341277825,0.1424943445357653,0.5313361447682987,0.1190720431478213,0.1217042562593641,0.1278898639836826,21930.5,15.510000228881836
2024-02-08,0.22749931032009,0.1314179479767285,0.1751573885568371,0.1288613913081214,0.1889131857076339,0.1606060054665395,0.1618722669680289,0.1270620660464716,0.16247337912436025,0.15615399871033642,0.15317284352986377,0.1543085560017424,0.1506997734660586,0.1463860235914967,0.1441572723717274,0.1260541112314462,0.150735626591998,0.1416433738421308,0.1405782119126791,0.1257447123857223,0.1760856204313524,0.1613746703713819,0.1646524666156428,0.124912171809761,0.1549132775484032,0.1525960002469896,0.1549669816630743,0.124762103386867,0.13889267061375934,0.14298044546724303,0.14624679190301526,0.13143774684741324,0.11486308091765765,0.1268248925407623,0.1391884808093578,0.124007803079267,0.0982484881973348,0.1210472371453087,0.12072785923974436,0.1227923129202953,21717.94921875,15.829999923706056
2024-02-09,0.142161301290059,0.1318494161973381,0.1312555869977669,0.1287217452739385,0.1334232240321794,0.1366801615127471,0.1388311393716007,0.1268338145323087,0.1321292008773278,0.1328018822759109,0.1362751157600555,0.1427246227947757,0.12901890298417865,0.12918754130953763,0.1308158880241508,0.1257029184269499,0.1426575019184714,0.1295480366175557,0.1304827187282172,0.1254521848383085,0.1740850695617913,0.1650853358466528,0.1638488785704885,0.1246452631837134,0.1548249453117959,0.1523773881039606,0.1538702314851801,0.1245381382269927,0.1439627610781489,0.1449769521282737,0.1456406718510183,0.1423668675745142,0.14640216975332004,0.13755093682948133,0.14106117352319725,0.1237202686391124,0.1791769986424694,0.1210944888731199,0.123163712276782,0.1225578881726442,21782.5,15.449999809265137
2024-02-12,0.19452232192163965,0.1323933967059581,0.1332143672185922,0.1287674355744711,0.19334692998372086,0.16707681912974404,0.16572917836999357,0.12667691242812074,0.1805958307184397,0.1609943654754202,0.1585164899207723,0.1604629229962563,0.1780860890890505,0.1499851957455178,0.1466562578532575,0.1507291506339525,0.20553796006692882,0.1500754141718995,0.1451528220458601,0.1477525514944322,0.2119121262349339,0.1759666839764002,0.1691694095161738,0.1246551624300747,0.19372430839507848,0.16351191554727373,0.15870999427796462,0.12453590210747575,0.1789461270717156,0.150568122303488,0.1499932934546115,0.1453491694191284,0.17245128044872135,0.1379684685745256,0.1364823365630929,0.1237403182518802,0.2375224559967229,0.11850544176887509,0.12209289472061985,0.12245197386920495,21616.05078125,16.059999465942383
2024-02-13,0.271423300816716,0.1352270665604725,0.13121175567182997,0.12871376998809494,0.2023432765494814,0.1608273633489874,0.165105394609431,0.1266679623891921,0.1747468321833139,0.1488031411511068,0.1513721307687585,0.1560988843895835,0.15964331869320675,0.1378636745605002,0.1392611201864642,0.134747721711299,0.2138057754786402,0.1354538843475936,0.1364534340634352,0.139032079468813,0.2523840850936173,0.1729069786223119,0.16594597066479125,0.12454132983166125,0.2042246832513962,0.1565041556870065,0.1520192422373896,0.1455136560420029,0.1686652346220605,0.1414677881075805,0.1404358774392654,0.1381374481628943,0.1545479526673457,0.12678509520643416,0.12745573915477798,0.12352878145281565,0.28481283362571885,0.1165911516095843,0.12020643036964321,0.1222761903899475,21743.25,15.8100004196167
2024-02-14,0.5713336992776767,0.1455627995050328,0.1346813054759605,0.1287530982630955,0.379686573986678,0.1687144231578684,0.1639589661687535,0.127024849641857,0.2080576977031872,0.1471815012906802,0.1483729484858864,0.1571320506670256,0.18151509766159424,0.1345673085716638,0.1374882885355013,0.14264322142612565,0.2731410925422605,0.1341910478690679,0.1356570894168938,0.1368962167963562,0.3463656672017299,0.1708286511563859,0.1612111946569355,0.124380424873754,0.2328401527436299,0.149801021838462,0.147132383085027,0.1457719082561135,0.1446443678223801,0.1321051258288664,0.1358024000247333,0.1364400528332054,0.1545479526673457,0.1111996663963813,0.11878021207825551,0.12341091701559555,0.28481283362571885,0.11758865505915969,0.11868786185881815,0.1220332466559254,21840.05078125,15.4399995803833
2024-02-15,0.2400641645389281,0.1907204659257541,0.1282713443316456,0.1279017225790955,0.1919763786533302,0.16959432387663087,0.1439504509195968,0.1263838377937202,0.1502351078259956,0.1506413315320837,0.1637899940637419,0.153188964973872,0.1310135891644359,0.1357328001010646,0.1250208377098145,0.1251576058025763,0.1335846023292745,0.1326889067518799,0.1369550661119261,0.1248820865831162,0.1649870744287422,0.1544386850186226,0.1241329572836656,0.1240090571183866,0.13852721960015574,0.13915193935179365,0.14020680146021153,0.1305780320845205,0.1174974162007806,0.1266439016794562,0.1285498258746474,0.1317632306961366,0.07959603639296685,0.10542854267840215,0.1231636063596385,0.1231145195638073,0.1146712498293999,0.1210473816070381,0.121549771333853,0.1218780962814877,21910.75,15.229999542236328
2024-02-16,0.1565934552300369,0.1685537275344059,0.1290600519419104,0.1280036469358101,0.13190780006747627,0.1535148962416432,0.1564279368500827,0.1264104986400706,0.1309394204787596,0.1416425500986115,0.1535146509022875,0.1254691616620473,0.1234726530752681,0.1305615934920863,0.1412980875338984,0.140212654365897,0.13767682423266855,0.1308094688770372,0.1340090870311802,0.12940781522273115,0.1788819959322573,0.1631386976041142,0.1551201850282237,0.1238889895316979,0.15525695899433,0.1498910821039107,0.1449564002917353,0.1451382503156802,0.1391947375042722,0.1362218703476266,0.1358846312253051,0.1375889226142911,0.1363482181624224,0.1224531940419678,0.12276325802556,0.1229524762822633,0.1189440788018601,0.1187252642104836,0.12137848717033056,0.12175210650988535,22040.69921875,15.220000267028809
2024-02-19,0.1710945026198242,0.1892336658614122,0.1290843396613178,0.127768207690774,0.1593574017765419,0.1685050765313958,0.1753142811894762,0.1262779342834969,0.1597775891285798,0.15352085673609678,0.16567205653574962,0.1558956235263841,0.1488255568989395,0.1396649868399279,0.1498432435034343,0.1247276509666037,0.1844257931601894,0.1424384311019534,0.1425964211819039,0.1405026748550658,0.2266507051480469,0.179999790881888,0.167816759360372,0.1236950491680781,0.1953052950967337,0.1606540806184624,0.1548400766933269,0.1480201316298258,0.1721395351758476,0.1458679751026959,0.14269762598685415,0.14511080832530104,0.17087778069934206,0.131976275980481,0.1230484247584754,0.1227797631048501,0.24641271292846184,0.1169149117778394,0.120868515019091,0.121443057616941,22122.25,15.220000267028809
2024-02-20,0.2330799854006047,0.14350551382218,0.1295578650396637,0.1277466929410255,0.1454609927452453,0.1468144211625008,0.1643404049661653,0.1259127693151415,0.1536805450764561,0.1416852805552252,0.1567580801051853,0.1530278633452485,0.1446099060093893,0.1330574491183446,0.1443914983475019,0.1387174257046727,0.2146592821368616,0.1374416584660673,0.1384670216038708,0.1241549993165114,0.2685378181078191,0.1818375094489339,0.1708115123417047,0.1235389308677352,0.2102382403443498,0.1633314355707245,0.1586514633345313,0.1571535157631211,0.1790250378333139,0.1529036020584122,0.1473460414513094,0.1471932845388158,0.19866826347671016,0.1458306433838057,0.1309965696956806,0.1224924001433432,0.29387071182561353,0.1604532178118821,0.1202452697873107,0.1209994141867751,22196.94921875,16.06999969482422
2024-02-21,0.2330799854006047,0.1449818837019937,0.1287141310460725,0.1276618725002424,0.1454609927452453,0.1362846513395474,0.1538885137202419,0.1261049024548644,0.1380003260100717,0.1385374121670261,0.1538520927163935,0.148050022812491,0.1910900618254119,0.131263416231496,0.1435665950060923,0.1404093156447353,0.304318289470916,0.1376201655100549,0.137802999687065,0.1377514235598974,0.29895781907950436,0.17659983894095033,0.16537780262295426,0.12340198071721385,0.2069917157431225,0.1605720651346519,0.1540429763428828,0.1513273835233199,0.2094089837319302,0.149116021275504,0.1449607929147571,0.1464994529430101,0.3805888832969384,0.1489653041508797,0.1267826657685946,0.1225141713555864,0.5666194931691493,0.1406282394927145,0.1201868621566098,0.1208687160854384,22055.05078125,15.93000030517578
2024-02-22,0.1474149166254211,0.1332794930507711,0.127524588775269,0.1271882220800158,0.14424227297995265,0.1698268071925661,0.1549414918936755,0.1258054294720629,0.1334688034883869,0.1520613996018906,0.1480811618517266,0.1429655954271153,0.1233401223408371,0.1356838212859876,0.1322783129580476,0.124335251009984,0.1338577152441173,0.1289389823474684,0.1298788338459891,0.1240936822298695,0.1701967980659337,0.1578606204877418,0.1479105527693094,0.123284914458272,0.15011128202811816,0.145653844974379,0.14250750898853445,0.1424682684023362,0.1353606745421592,0.1326520135895762,0.1365301458224218,0.1372260986863472,0.1242321531358425,0.1221477654343172,0.122419000156621,0.1223829697583657,0.1153226386795301,0.1195271224781855,0.1208594602053648,0.1211792461855587,22217.44921875,15.199999809265137
2024-02-23,0.1663092560518017,0.1315536329236035,0.1281359714670569,0.12705465032112875,0.1365353958053095,0.1672926820816875,0.1255528352822711,0.1252317278927776,0.1286145581825138,0.1487017295560417,0.1489469309200784,0.1449167206722423,0.1197649916208807,0.1330541520833645,0.137699107065954,0.123962450340562,0.1422283811576297,0.1267778153393354,0.1296437312386118,0.1237621145415441,0.1688627384837367,0.15580089999105684,0.14957218464060676,0.1229709699105688,0.1474163221570706,0.1419179949900014,0.1396586866717418,0.122891083058179,0.1327092934850896,0.1278738555133269,0.1304570498778191,0.1318449771099183,0.1256240844178666,0.1006155111533664,0.1220179367908684,0.1220545290709742,0.12966273500669864,0.1183071023592437,0.1204342878667909,0.1208076719586976,22212.69921875,14.970000267028809
2024-02-26,0.2606141958608856,0.1395283284731837,0.1276237900528761,0.1268903852947295,0.1983031628232955,0.201271698065265,0.1252019983942854,0.1247188925097924,0.17174460737703767,0.17333112892171976,0.16705141176686325,0.15803321245439095,0.1616990321159998,0.1523668758754593,0.1534340383372385,0.1429523475808048,0.1948257369734031,0.1454100246231887,0.1422420242184159,0.1235238966912931,0.2034205259317805,0.1656873562267134,0.1589092485581835,0.1227689619433882,0.1767447767866518,0.1491269620970646,0.1458981150115137,0.1422218773409073,0.16035503212114235,0.13234306511774147,0.1330817010528931,0.1327702128118855,0.1383416576612292,0.1044843475184909,0.1216866928157819,0.1218790306667189,0.12966273500669864,0.11704174592023095,0.11988733709399546,0.1204931718869438,22122.05078125,15.600000381469728
2024-02-27,0.2544087249030047,0.1404553264934148,0.1287304275997757,0.1269344718074251,0.1571053980663405,0.1834826683327673,0.1254185867100558,0.1245407068389625,0.1604910306542427,0.1620302777242726,0.1579027146217317,0.1573807064495707,0.1517893510702629,0.1424566002969826,0.1424405949252903,0.1408626518719018,0.2230896021091982,0.1344178004051819,0.1327687053419152,0.1232709065303587,0.2470442555720841,0.1706906176221267,0.1603949392693651,0.1225493711455649,0.1878647490393634,0.1537304459764359,0.1503348692325289,0.1418588076720467,0.1681293013845863,0.1351644658027581,0.1377943687080284,0.139598018647749,0.1853160378870094,0.1077560172705585,0.1216296182778389,0.1215822243814686,0.323038734948158,0.11336557294862096,0.1193017651485254,0.1200935020649756,22198.349609375,15.729999542236328
2024-02-28,0.2544087249030047,0.21585291248156716,0.12827162913118545,0.12722807324248964,0.1571053980663405,0.1775799262329267,0.1255137688300426,0.1248797178511408,0.1640930459909915,0.1635720231655305,0.1599069248194859,0.1546458134743492,0.220405402852681,0.1506311510969513,0.1496184586206816,0.1515136154713005,0.33094015292832535,0.1517257940489505,0.1439487684107802,0.13501986888038556,0.30833251578769605,0.1809820993742733,0.17192836970249442,0.12289686074895605,0.2210874426452508,0.1660733980191867,0.1620873928684122,0.1561085053696211,0.227046650782854,0.1542125599497412,0.1522499581407565,0.1504621250619466,0.3737984923916764,0.1373802946590232,0.1400907683742695,0.121946186426749,0.5726888889277153,0.1492392001700219,0.1198957550665156,0.12046426338699534,21951.150390625,16.329999923706055
2024-02-29,0.2877929181208493,0.129375510337841,0.1270953523895757,0.1772434884911377,0.2259306527658947,0.1862408732185815,0.1245301167683018,0.1725852477773886,0.1676573635404405,0.1666167609646934,0.1616114116736965,0.1603967887565188,0.14125894968429104,0.14562217623274948,0.14686564753830975,0.1488188169162202,0.1403975173494401,0.1341086328284992,0.1387633792311217,0.141573915777322,0.1640109908587424,0.1517139192303141,0.1439904927234626,0.1511138919007598,0.1375335596816368,0.1394376307560806,0.1356045392520162,0.1406998691966043,0.1117550535417294,0.1207126150614381,0.1310926761371497,0.1331066142752316,0.0696552411190361,0.09172227775912535,0.12130127648505735,0.1199184713917677,0.5726888889277153,0.1194157346603116,0.1201628451133436,0.10033081384812051,21982.80078125,15.56999969482422
2024-03-01,0.158839021618244,0.1319293621673377,0.1280421207941422,0.1522028449360139,0.1519826721152634,0.1473792306432363,0.1402238529311737,0.1459869391063548,0.1358338151756185,0.137547071089955,0.1361283340467293,0.1403630736623443,0.1176063870163678,0.1257274197605047,0.1274060781740015,0.131826185119078,0.1305810297693662,0.1213508909956816,0.124454009053865,0.1283400847002784,0.1907636232138676,0.1651699583166778,0.1544271430276289,0.1570756930344749,0.1627538709524139,0.1509198794375003,0.1503920568657246,0.1485853097538967,0.1395722970838234,0.1393260848469513,0.1412971814619476,0.1408024492125925,0.1276540727448943,0.1288491784933534,0.1226743171411594,0.1325076347664521,0.1167220208219414,0.1195509810315282,0.1209289952973724,0.1233147659009061,22338.75,15.239999771118164
2024-03-04,0.2006758115380587,0.1347731047968281,0.128895064980637,0.1494820189399109,0.1320599388968175,0.1338370897759986,0.1258546725304845,0.1458529062848274,0.1393146063995005,0.1300538740549362,0.1330140384393394,0.1390956248341805,0.1312448124161192,0.1215496294876603,0.1257012188438817,0.1290301592052322,0.1814902402190816,0.1205218985140599,0.1238083249715873,0.1237056246401921,0.2276949273690131,0.1685406023143076,0.1554120679393311,0.1583216862763581,0.1894568984056829,0.1526633126857186,0.1517441445512389,0.1481256217612875,0.1659166641026539,0.1410634898576128,0.1422225761536373,0.139352343870055,0.1818458623049309,0.1353049542191323,0.122326053016296,0.1288618332603046,0.2592166928017873,0.1173311756980829,0.1201425032328041,0.1199237349611822,22405.599609375,14.920000076293944
2024-03-05,0.23521805164409798,0.13505767266779126,0.128086464903138,0.1305377191875733,0.1268853841391982,0.1214357422412377,0.1250665206157835,0.1344515233735279,0.1343771133333595,0.1193637994470556,0.1238505939230293,0.1298008227839754,0.1354797971580175,0.1115272206698958,0.1158829645748636,0.1216288881221525,0.209553022154754,0.1173590182075854,0.1156038133845555,0.1180073055350687,0.2404657870909782,0.1559459202948827,0.1489369264802639,0.1509217784843126,0.1832311828720767,0.1383567510592077,0.1406724680635376,0.1425973503640731,0.1519999393374536,0.128335333263148,0.1325250685990825,0.1352680970042576,0.1911689900699955,0.1249498657906072,0.1221274226330708,0.1266539903218818,0.2792604153446776,0.11718592871161179,0.1196191506642174,0.1208255007629856,22356.30078125,14.380000114440918
2024-03-06,0.6064309137425448,0.21355239525396197,0.12811037306485884,0.1747861069212536,0.3903313987779795,0.1720473075821235,0.1446868378784888,0.1570751934756464,0.1821839906956017,0.1360515863262029,0.1365793875683085,0.1413890490995796,0.1567238423284443,0.1174192907094561,0.1213324499511661,0.1285597012322401,0.261022154072908,0.1215952250066537,0.1185293984214763,0.1222673538627786,0.33009624016852757,0.157712590802191,0.14521805743161303,0.1484396148345744,0.2271732570633209,0.1342630632644847,0.1348829587729983,0.1372471285433338,0.1314060049163781,0.1139449309373152,0.1226791948379467,0.1249521433658534,0.1911689900699955,0.0904948181208883,0.1213242216152805,0.1096590658912134,0.2792604153446776,0.1168424461144527,0.1194691828454484,0.09848666823035306,22474.05078125,14.300000190734863
2024-03-07,0.6064309137425448,0.12753856475427275,0.1173404995420974,0.1262969858031417,0.08213425582153505,0.107172632383512,0.1174940437809356,0.1243057348216875,0.0917792202973759,0.1029333089801732,0.114109398133751,0.1273601270243015,0.090936763573372,0.1013091045477472,0.1099249791510148,0.1231475480985604,0.1195990129094889,0.1031792007984211,0.1073717833799656,0.1168110654080349,0.1505046937485133,0.1388424658626251,0.1431296238335644,0.139743188954647,0.123553876146636,0.1279793772322035,0.1336921149132346,0.1311562981874137,0.112329610167493,0.1210161860031159,0.1258472279213677,0.1266662519409706,0.1219820267298429,0.1210477891229492,0.1239931076652244,0.1213029210729678,0.11627833124283725,0.1186182396426393,0.1196936519366439,0.1200694427364038,22493.55078125,13.609999656677246
2024-03-11,0.21825232102409636,0.1337464838452681,0.1588530896950612,0.1264134217168447,0.1819962402278526,0.1479231708972555,0.1493880104555473,0.124323640394708,0.1561724124481134,0.1361276684582836,0.138956043592951,0.1499290459487357,0.1466065435376886,0.1244089459834524,0.1289814894752373,0.1372129137266865,0.18652757742115028,0.1230291820681397,0.1226624991953313,0.12523567736220645,0.1946243178515491,0.1523449419589415,0.1516603893168104,0.1223066943940583,0.1567003356539068,0.1388278190396236,0.1397870643838996,0.1319481026822411,0.1347112269238077,0.1229617088768576,0.1282135971570231,0.1219554674808146,0.0808114066630295,0.1128236757101534,0.1148698528122344,0.1209276655513709,0.11627833124283725,0.11010271142020155,0.11224269516817025,0.11989411553672036,22332.650390625,14.0
2024-03-12,0.3495168832295828,0.1387039853470007,0.1847059496347607,0.126216609830501,0.2830571890464003,0.1678463299407468,0.1631991003419544,0.1240455851485762,0.1837916586808521,0.1429163244294737,0.1443184405061865,0.151275150384701,0.1563007336707305,0.12285449668231,0.1283869932310576,0.1371304709998537,0.2139660932162166,0.1193911917671957,0.120254665365276,0.1226961931020852,0.2249992988397968,0.1508221090515901,0.1461480550519374,0.121937522180231,0.1654073801889861,0.1328068148351804,0.132617429649418,0.1283760551851013,0.12764473032646775,0.11456123621093,0.1178501280556524,0.1187272341735373,0.0808114066630295,0.0844439847104347,0.09802404131428905,0.1207300436730832,0.11627833124283725,0.115743818142744,0.11757169652524804,0.1193933658159139,22335.69921875,13.640000343322754
2024-03-13,0.373392478732714,0.18345077037769825,0.180034550702617,0.1273888483041287,0.2830571890464003,0.1708165055375399,0.1757470150461693,0.1251361937042067,0.1665948198794065,0.1546250894071707,0.155452209554995,0.1580959027282956,0.2283337129649583,0.1447598072194177,0.1412388262271145,0.1473333099557129,0.32359725107450865,0.15094249205718616,0.13887743793288249,0.1406350419462456,0.3069722173107657,0.1719414535266579,0.1577617045787603,0.1228696919887157,0.2047159935052609,0.1508621871657778,0.1439215663385838,0.1344572004454271,0.2131511002455142,0.1353860016544428,0.1297533672747887,0.1267031555544212,0.350524165569635,0.107877067927663,0.1117500795240969,0.1100952954957966,0.5924475159743852,0.0946058366403951,0.10291934001437494,0.1202425373457087,21997.69921875,14.43000030517578
2024-03-14,0.2511810174089791,0.1956963228836474,0.1273270490371777,0.1269421988922666,0.195261553619936,0.1755548835127856,0.1250551096352717,0.1248178550584558,0.1482755728050869,0.1491776655069149,0.157508979804417,0.1240930098001872,0.1224787989848282,0.1303226920923923,0.1392832907645485,0.123722151902828,0.1293563700519945,0.1225469271504494,0.12346250609769,0.1235684414022681,0.1593575511845586,0.1468580148842622,0.1228076022053367,0.1227384441834821,0.1342602697301298,0.1289712990026683,0.1270882423323225,0.1225799928383066,0.1086139478783092,0.1116978825454759,0.1118004262159192,0.1201398749217887,0.07920795152140606,0.0871603894287748,0.1014154091417598,0.1217077358745006,0.11062928901617675,0.11775279533461899,0.1199704627844802,0.12048638318302,22146.650390625,13.619999885559082
2024-03-15,0.2146780515445465,0.2047089849812412,0.1270815340455941,0.1266949355457487,0.1637278230836776,0.1705606492155857,0.1250419123556541,0.1248841276105048,0.13762605347297435,0.14967229498080525,0.15833098549812996,0.1548083775978658,0.1259966654263936,0.1341854516710822,0.1408961377297165,0.1425542623252061,0.1378962267162751,0.1272382764345863,0.1260602593245325,0.1234204294420659,0.1584435841844185,0.1461547386484971,0.1369485886284883,0.1225910858749869,0.1329733259505301,0.1291248202314312,0.1246592907996757,0.1225038412278242,0.11757522241882355,0.11246357195797575,0.10877627345466495,0.1221258892199238,0.0992522244146573,0.09071298008222695,0.09233484307896245,0.1215966786446721,0.11062928901617675,0.1180447926180565,0.1198693549657262,0.1203973421645278,22023.349609375,13.6899995803833
2024-03-18,0.18164447949655588,0.17845656737526405,0.12735109780852774,0.12662241426784815,0.1691275655491848,0.176055339690562,0.1249189440029623,0.1245115043371153,0.1528899420298718,0.1513204101304868,0.1598454638365405,0.151719751700253,0.1453547329472054,0.1351992822769121,0.1412380743667071,0.1386537150380341,0.1823422888225176,0.132639462045798,0.1294174578418833,0.1230450109493194,0.20647826394098273,0.15772249166178215,0.14655554056590836,0.14200048776133645,0.1715655122931009,0.1407142563403289,0.1338006713027505,0.1222543834230061,0.1517294901344069,0.1244268349798366,0.1174236872164116,0.1218567285595839,0.1367950354401212,0.0995759382833852,0.0921546786468729,0.1212941525778348,0.1792670204649348,0.1115528738716804,0.11946536593434826,0.1198794907375251,22055.69921875,13.899999618530272
2024-03-19,0.2131993720417307,0.1366591180524002,0.1285328580873695,0.1269320259436612,0.1767884973088497,0.18166967300449188,0.12496233572999065,0.124621791609,0.1624050645629407,0.1527196139552117,0.1645838562330929,0.1610349633150285,0.1747940327728413,0.1402115076432958,0.1488224744539369,0.1505761006693494,0.2369825862193154,0.1417723512317011,0.1387413522124293,0.1392252242032784,0.2245537131042877,0.1618420120229242,0.1425364419524134,0.1337596138214916,0.1734012978758414,0.1417343494487422,0.13242397899796135,0.12674453722279175,0.1612118810811969,0.1266735523648426,0.1185905269953543,0.1223036696769083,0.1724851665813764,0.106636431211171,0.09487077667445185,0.1213597845815582,0.2228181072844373,0.10410724724032056,0.1188412618530705,0.11995090895215435,21817.44921875,14.109999656677246
2024-03-20,0.349689722536214,0.2311008223862297,0.1278199384457478,0.1269320259436612,0.2454753661795749,0.1902791494849394,0.1245352826231758,0.124621791609,0.17157132948467,0.1478595962693518,0.1574223589505446,0.1610349633150285,0.1809399176358787,0.12876152062513868,0.1390847997779481,0.1505761006693494,0.2772227628929602,0.1303857546533743,0.12642171249556083,0.1392252242032784,0.2993948867656673,0.1601532161829504,0.13647389860607856,0.1337596138214916,0.1917960145628653,0.1335545015978115,0.1257264423827823,0.12674453722279175,0.157508528770832,0.1126463909440824,0.11277553618993849,0.1223036696769083,0.1062893957360842,0.0845237975676066,0.12085473070455,0.1213597845815582,0.2228181072844373,0.1101916584080741,0.1193507099379708,0.11995090895215435,21839.099609375,13.470000267028809
2024-03-21,0.25281254480701,0.1278393160061323,0.126744474547878,0.1262807593312084,0.20170436977368028,0.19553649855205596,0.12463053871384525,0.12440110594505649,0.1401633792638067,0.1563433168507135,0.1580359574739191,0.1476686930884169,0.1137544390912651,0.1280075461627653,0.1343421436696256,0.1255615016607089,0.1242411370933329,0.1138064537560135,0.122037256916183,0.1231024976512781,0.1489052602539253,0.1294676701181257,0.1224809797038701,0.1222848921487622,0.115202283017751,0.1083659949286491,0.11443556943971561,0.12209685978363424,0.0876727961343038,0.0879777241478425,0.0981142474712841,0.1047978650631635,0.1062893957360842,0.1207144969499988,0.12133227215611464,0.1212091276464782,0.2228181072844373,0.11828988968929996,0.1196665866248219,0.1201524271936188,22011.94921875,12.510000228881836
2024-03-22,0.2501069224010145,0.1329514875242305,0.1270075957183641,0.1263200169046167,0.1961858094025285,0.2012892190424502,0.1242488986736465,0.1241600677739303,0.128882253788934,0.1510395255000361,0.1514339964435986,0.1394836866105618,0.100370896372666,0.1171173990688112,0.1268251411567965,0.1230589182922775,0.1267903368212469,0.1073683181965089,0.1143551421608758,0.1228442468091235,0.1633065986036382,0.1371933393713577,0.128794971414072,0.1220766066146742,0.1236559768574433,0.114538962060225,0.1169183042116254,0.1200027498886444,0.088470656215457,0.0867806141473067,0.0965710175919803,0.103532549623812,0.1062893957360842,0.08826134052076509,0.1206060653155529,0.1209448589719036,0.2228181072844373,0.1156858897440784,0.11921885998656825,0.1198228691224403,22096.75,12.220000267028809
2024-03-26,0.5178065378225892,0.1380733851660519,0.12747936479840621,0.12626980386510034,0.3678685289309258,0.2341943751115647,0.1242682196987571,0.1239361147122173,0.2225066766661257,0.1887892701466612,0.1737478231105869,0.1532370471581899,0.1571299669652851,0.1423713913977302,0.1448215267765654,0.1358508110096515,0.2148896546651289,0.127994543662678,0.1267171550722176,0.1245882670927466,0.2391674334052635,0.1455682037007715,0.13086932816032046,0.12343786165175005,0.1695840935109623,0.1201100369384841,0.1190750514044968,0.1185954815098016,0.1151718441818578,0.0866631914174496,0.0964434667960368,0.1029948008524691,0.1062893957360842,0.08826134052076509,0.0728873548743267,0.1208595187099943,0.2228181072844373,0.1124897160563981,0.1183836438839542,0.1194139439179409,22004.69921875,12.81999969482422
2024-03-27,0.5876238318901249,0.1303171815143999,0.12747936479840621,0.1260613877110165,0.3771621764023788,0.1972083520596733,0.1242682196987571,0.1238307534190486,0.1754874448825926,0.16018770254772507,0.1737478231105869,0.14912262784591473,0.1578982260545464,0.1259792225881633,0.1448215267765654,0.1226613425762529,0.2742272595262615,0.11964656200393739,0.1267171550722176,0.1223780690113174,0.3037647673223405,0.13634720729908714,0.13086932816032046,0.1261433639878214,0.18008112993912,0.11565642548165114,0.1190750514044968,0.120307696632752,0.1087092132141137,0.09123191373884726,0.0964434667960368,0.10207921077707785,0.1062893957360842,0.09718483358867269,0.0728873548743267,0.1206525765798263,0.2228181072844373,0.1167372839337922,0.1183836438839542,0.1193233053276378,22123.650390625,12.699999809265137
2024-03-28,0.218922155691476,0.1301396361950872,0.1262688909049577,0.1513139706828901,0.180301435211521,0.1521083493837386,0.1242904695828991,0.1469223866665747,0.1226050841278766,0.126768040144253,0.1276219228930574,0.1351118529685412,0.107173776753477,0.1116951765092411,0.1216268553778076,0.1240052423203761,0.1283303068138178,0.1125608301579394,0.1126651264117892,0.1193756174286685,0.1596685035358378,0.143325220130904,0.121912289483634,0.1382922565499645,0.1236171058765049,0.1245304064346538,0.1250889965753125,0.1265975766294328,0.0940974464682508,0.1016204534522488,0.1112829498092558,0.1173828135860852,0.0526986682321057,0.0780466320582526,0.12072949298912825,0.1057298236330762,0.1136008809786878,0.11782045344552544,0.1194554623441155,0.0963321471648749,22326.900390625,12.829999923706056
2024-04-01,0.2230112566072315,0.1676622758874934,0.1567817204153655,0.1664282178002004,0.1685839121777727,0.1669301262214768,0.1503674234253216,0.1456323948913004,0.1399714064232122,0.1337874306539029,0.1270205637979569,0.1285869722367456,0.1307654288885278,0.1151509407956313,0.1126141511254755,0.1151183501756181,0.1808434853300393,0.1223991725261761,0.1103887099865576,0.1070147140791467,0.2035769299889328,0.1506127164528091,0.1344062309051237,0.1345789792770482,0.1513461818499667,0.127246224165311,0.1222936793763636,0.1218949204698457,0.128276066173528,0.1087292166308172,0.1092133462705725,0.1096997843197474,0.1055007403970754,0.08336789571104675,0.1406135063398743,0.095839598244144,0.1136008809786878,0.13294860057916408,0.1375225363554247,0.1372012783483025,22462.0,12.079999923706056
2024-04-02,0.2633680993042449,0.2024636824821665,0.1549703318097815,0.1540124847162294,0.1202556855264249,0.1541536579501818,0.1429016905598925,0.1366766744815333,0.1250262272368623,0.1252937172093942,0.1202178087606271,0.1216893193675757,0.1392946299563963,0.1135150622679928,0.1076388378150502,0.1093768357605712,0.2154887005923302,0.125377575835782,0.1062472288246337,0.1043294097844883,0.2322345518701735,0.1489613393889338,0.1266541524640391,0.1306873657581591,0.1611567755357978,0.1224976125322565,0.118157979662276,0.1185654602153284,0.1343867665393715,0.107303080984343,0.1068281010455999,0.1082691437272903,0.1693987400702449,0.0889422915823215,0.1414476845111882,0.0933863011273847,0.2917119010220255,0.1361789875319858,0.1382719879382391,0.1392096475822583,22453.30078125,11.649999618530272
2024-04-03,0.1959441347564141,0.2024636824821665,0.1537324263879603,0.1506247188939599,0.1455582609803559,0.1541536579501818,0.130862100292629,0.1306632754840654,0.1202775418459751,0.1252937172093942,0.1156263632915756,0.1172502766781544,0.1267297137347804,0.1135150622679928,0.1040733578076606,0.1059476673775878,0.19428034840605254,0.125377575835782,0.1047330060239233,0.101354981370955,0.2065479924744687,0.1489613393889338,0.1269648254007841,0.1288512304245755,0.13852765614407342,0.1224976125322565,0.1149382674457979,0.117883463956525,0.12337126658916714,0.107303080984343,0.1052622321000115,0.107924523907233,0.2139764058629354,0.0889422915823215,0.0907223967467,0.0940256345594724,0.4276255791807959,0.1361789875319858,0.1379623546977055,0.10890303327956397,22434.650390625,11.369999885559082
2024-04-04,0.2093301375015656,0.1541107129961779,0.1534353655345233,0.1522426798393616,0.1497784180057656,0.128771792604727,0.1298435083523491,0.1491837902228197,0.1166117862573535,0.1124242782269453,0.1142905029133389,0.1283495273312048,0.107662910970941,0.0997214838648283,0.1037340512700668,0.146331904299947,0.1297920091744228,0.1013085094090841,0.0994342302724421,0.1461081108685409,0.1604298926011795,0.1310155137687882,0.129217646463113,0.1326922887731088,0.1249089495032958,0.1149744544771021,0.1162088131312668,0.1431543219624244,0.1050799810156503,0.1030545349132209,0.1063131364126843,0.1089811851828757,0.0852210869081121,0.0944408773690444,0.0949714917107281,0.1416663943424978,0.10861712797459275,0.13849149554368162,0.08176027120186616,0.1396021429370961,22514.650390625,11.220000267028809
2024-04-05,0.1602190790458281,0.1539324093845752,0.1504639400466234,0.1517966578448037,0.1306230747282345,0.1205549819174359,0.1223839325370639,0.1481242664786915,0.1102952504479614,0.1049926858519905,0.1110810509383193,0.1233561755278526,0.1023475492287733,0.0949387238059949,0.1025935530785218,0.1458344737892456,0.1337686178193648,0.099625841992501,0.0981096538845851,0.1456405466134314,0.1692265592259922,0.135539256793337,0.1327503225929957,0.1434190646269271,0.1328045985578107,0.1183565219659209,0.1210181288708706,0.1211933343329306,0.1123791767369863,0.1058754414626268,0.1097802388831968,0.1126512836298836,0.10471654414160339,0.0997645873868508,0.1000271003089691,0.1413514575502499,0.1581183685259745,0.1364559981657456,0.1366053481085747,0.1392277372310766,22513.69921875,11.34000015258789
2024-04-08,0.2849151769778648,0.1571937814938536,0.1553122959802043,0.1515366758763226,0.2017757412139605,0.1328007597790534,0.1378271634072078,0.1475987349514316,0.1393285980211603,0.1157504564396036,0.1185411936491457,0.1287294816099056,0.1244326216973659,0.1071385421486594,0.1049222976690355,0.1456369542605952,0.1992391488891498,0.1151555437175087,0.1056308153806631,0.1455215263672134,0.2612366090842368,0.1508457126438376,0.1412125978639862,0.1435057493130959,0.1845659935467353,0.1283119638256734,0.1265859105435862,0.1264697354629592,0.1334153120324623,0.110756041255618,0.1106820831441081,0.1117502591367828,0.0951168565622387,0.1013083723844409,0.0956975538525971,0.1415557448172175,0.1581183685259745,0.13368615912589948,0.1366293195514069,0.1394341516028469,22666.30078125,11.609999656677246
2024-04-09,0.3709908976832736,0.1622449693631025,0.1561122712410609,0.1509668926435,0.3043999061210729,0.1439067331971513,0.1423853477074265,0.1478196636413611,0.148983496800477,0.1152563156295649,0.1186938964461272,0.1307788895120999,0.1742094467068666,0.1042801765718194,0.1031609104146266,0.1194881900048058,0.2868532963490166,0.1128034260039016,0.1041164731067396,0.1119054561465898,0.3210046041329435,0.1429628835844674,0.1358144471657207,0.1431149176931816,0.2010160096731688,0.1177060983266111,0.1188320523495075,0.1167529424288337,0.1284932380632272,0.0987513680222607,0.1024991156176474,0.1028853797717991,0.0951168565622387,0.0813888872940468,0.081520689397345,0.1408277310520512,0.1581183685259745,0.13268008264978354,0.13712891066707128,0.1387515298972623,22642.75,11.359999656677246
2024-04-10,0.3709908976832736,0.1614221659049239,0.1278697539945125,0.15060719726035515,0.3043999061210729,0.0852622911037968,0.1134044319763278,0.14735777165392724,0.148983496800477,0.090305697422224,0.1029677480838493,0.1164277110279131,0.1742094467068666,0.0875792938081974,0.0921040566389767,0.1275819470762084,0.2868532963490166,0.1079606896862776,0.098931277768518,0.14487469254960525,0.3210046041329435,0.1418745313216074,0.1345672996432364,0.14283945273239404,0.2010160096731688,0.1169700159497436,0.1182906106064134,0.12177416446824604,0.1284932380632272,0.1045593477808492,0.1048296232568267,0.1105576355043485,0.0951168565622387,0.1149667826359178,0.0967680033934671,0.14090299279759544,0.1581183685259745,0.1338071479643797,0.1126214546988311,0.1389396900628374,22753.80078125,11.109999656677246
2024-04-12,0.2169534783448703,0.1796750451555021,0.1516611647688024,0.151138706982793,0.151361825295792,0.1482431936397706,0.1485973525229501,0.1481578073628115,0.1172516559484243,0.1250154557427938,0.1332034670737112,0.1462154253358361,0.1053620554192041,0.1077875561482375,0.1163647980499379,0.1454554638337904,0.132199567756989,0.1095672866631445,0.112822735251288,0.1452786547055793,0.1540306953035136,0.1396911801645065,0.1319808512667428,0.1317989129630615,0.1145945059570866,0.122544279847194,0.1179544466356575,0.1427472696638676,0.0954617122293642,0.1053861757389307,0.1029013524563686,0.1084048570754752,0.07437439601466955,0.08449360737684115,0.0873056006623288,0.1411046497033596,0.1302045979328114,0.1354586578728481,0.1389346061132713,0.1392911078852966,22519.400390625,11.529999732971191
2024-04-15,0.3219065604108995,0.2137942404656848,0.1515317624040034,0.1509148115566537,0.24705627837619945,0.18032826807642055,0.14830505970162317,0.1479232971451098,0.1573643016835409,0.1483682336389651,0.1509073979253953,0.146800163665132,0.1417854508620666,0.1256558292196477,0.1303280613870031,0.1349508256904726,0.1927842371997071,0.1263870337325848,0.1242570443306767,0.1455089921811331,0.2209285991287536,0.1660918028245153,0.1441267517807419,0.1437761808428739,0.15995035895596105,0.13782732771137607,0.12785327423405168,0.12759195709589916,0.1165836103332088,0.1154030037707273,0.1100452355261607,0.1129827109931274,0.0596661339471212,0.0883416817283288,0.0850945535467247,0.1002111031565795,0.1302045979328114,0.1331597651869541,0.13893636052757669,0.1398163536872727,22272.5,12.470000267028809
2024-04-16,0.27168509587517103,0.1802182725443609,0.1515595838612519,0.1507586753154657,0.1852855055477468,0.1505309127627948,0.1555501732588619,0.1475695826198641,0.1236661267979446,0.1318750961207679,0.1404473037953694,0.1454657761576248,0.1336913080941258,0.120209658784777,0.1241906734453813,0.1305642161686282,0.2114581894769041,0.1327624703444623,0.1251132807002463,0.1453042261842693,0.2312847955311543,0.163859887725391,0.148066400153751,0.1437861461674363,0.1680519335745969,0.1378167440769753,0.1316301069860689,0.1320765875600272,0.1187524546248014,0.120280438116718,0.1129717331245269,0.1199623172001363,0.1199277974293307,0.1045232916451576,0.09694925940203389,0.1413212122456642,0.2739210228276629,0.1376716040313722,0.1384051250242648,0.1397855174684542,22147.900390625,12.619999885559082
2024-04-18,0.2452828635137953,0.1554872282644483,0.15073459041848,0.1503799417585968,0.2010717419608347,0.1741115846175074,0.1476300169213708,0.1477898039277066,0.1516096923694072,0.1599351043634287,0.1464486070895851,0.146607851119155,0.1332602921703992,0.1395708765792301,0.1421126748307276,0.143649071235038,0.1384676787488005,0.13263373858371558,0.1406600409390677,0.14538049455445007,0.1798538768374713,0.155780764165516,0.1437696629668373,0.1436123587607553,0.1480702921137478,0.1354626282674816,0.1321781344037277,0.1430760363778409,0.1204601956426807,0.1152802135922838,0.1163046899223362,0.1283222738464992,0.0921132947357874,0.08419737676218514,0.1411447935700958,0.1412366074172772,0.2739210228276629,0.1376621294977389,0.1395786726959122,0.1400646872316943,21995.849609375,13.039999961853027
2024-04-19,0.1805239417788659,0.1532931880395493,0.1507884183044646,0.1503619752914345,0.1184179145195194,0.1507729064458851,0.1475520415408653,0.1477283856121961,0.1221247529830965,0.1357920725261868,0.1324513614046377,0.1336736258648979,0.1125081636811946,0.1169161666099489,0.1203024498024148,0.1229809688211293,0.1325214807018395,0.1153259651776615,0.1328754674222658,0.1452782531640817,0.2188120355055863,0.1797559622923495,0.164753283645171,0.1435664221169247,0.1820975154763105,0.1573447715021778,0.1510755025425459,0.1455142205012281,0.1579480561640082,0.1366474252034994,0.1364720931969477,0.1395278455668179,0.1731174772165835,0.1190921188094203,0.1412408870142432,0.1414254317490196,0.2585151971142634,0.1369962977946499,0.1393452048264661,0.1397448256041618,22147.0,13.460000038146973
2024-04-22,0.266631338933092,0.1918124079422236,0.1519012720939334,0.1505203059946886,0.2004405574541821,0.1830077352258639,0.148508006046451,0.1477558038935154,0.147086666749507,0.1405337069852677,0.1354081791179836,0.1355985216162892,0.1283726839169052,0.1183988457747841,0.1211216932938645,0.1258744419805439,0.1813180354772714,0.1180640750799689,0.1154204893179996,0.1453331522654977,0.242830455107149,0.1704541475211237,0.1543035155656206,0.143797466030258,0.1796859890460918,0.1414066080284645,0.1349922732707842,0.1392624627662045,0.1372305470976591,0.1146565373308312,0.1193172150636412,0.1252940515876192,0.1228818438246893,0.0971269678127642,0.12812173109245076,0.1415083916957983,0.1819838868536763,0.1359535652569296,0.1389880576218906,0.1396388158119318,22336.400390625,12.699999809265137
2024-04-23,0.2469218124623344,0.1657383839252946,0.1514863641467107,0.1505968763310414,0.1439042483245634,0.1432301662436947,0.1471077401420623,0.1473179130108745,0.1325556697043342,0.1221901607097237,0.1224426515439524,0.1192292543750664,0.1299751297481708,0.1073501203820447,0.1113296492977771,0.111832836633356,0.2132147848729225,0.1170609559741761,0.1077582853799852,0.1449946355354573,0.2752773292212649,0.1690295450263267,0.1537215993148377,0.1435126977336349,0.1915133109110927,0.1380809429817236,0.1344320404562067,0.141004924889902,0.1382878876685903,0.1178623731941261,0.1211377573900767,0.1258672756439552,0.13735273196406905,0.1027202915636007,0.1199866840905368,0.1414854584827229,0.3059909197958366,0.13469589263739884,0.1388043469065817,0.1394921465066908,22368.0,10.199999809265137
2024-04-24,0.4320903060461394,0.1681880148902745,0.152182098664298,0.1502592657992596,0.2816340077170733,0.147286842994875,0.1330726152116945,0.1468963835068973,0.1341664681205386,0.1158721083224771,0.1179699695522869,0.1168396357058502,0.1694018415265611,0.1019348363781378,0.1057434029914244,0.1094565185120613,0.2804801862955586,0.1180891065481587,0.1035300639110369,0.1445784441661965,0.3235376649007248,0.1584546349922393,0.1478781661427528,0.1430286439067733,0.2081649803746174,0.1278726749761753,0.1295152851262622,0.1353947561248088,0.1221594788300182,0.1069763251276993,0.1138265011561496,0.1197779243603306,0.13735273196406905,0.08920086395302695,0.1065635737501032,0.1408656287654832,0.3059909197958366,0.132711715593811,0.1379199721086444,0.1388093631572115,22402.400390625,10.279999732971191
2024-04-25,0.1501649022614657,0.1517181333076528,0.1511056923897326,0.150084694382524,0.1123794377158663,0.1123005721282405,0.1236309501778272,0.1465233647997681,0.1038474323788662,0.1074620628402038,0.1060865073792548,0.1041017366946123,0.0955722963681825,0.0991036785404009,0.1027324445443232,0.1449507131045209,0.1223653079640943,0.1039189969271814,0.109318468306087,0.1447330556885047,0.1678680943680091,0.1511201965593123,0.1431130541428723,0.1428404509840027,0.1391383103482216,0.1352296978617024,0.1379501155840618,0.1386806372974804,0.1166809706107834,0.1228394392767038,0.1285696987088369,0.1320207743921019,0.1155894439032641,0.1403626963511752,0.1409451131452233,0.1409791900200047,0.15080397109658977,0.13668740710546495,0.1389540768621413,0.1392510051128072,22570.349609375,10.729999542236328
2024-04-26,0.2622027643276868,0.1548882853570649,0.1506570125369415,0.1501697616710737,0.2096712579038165,0.1531405851014209,0.1468960175202783,0.1473562818096057,0.1417763654474692,0.1349525953255582,0.1294125386766159,0.121959798362719,0.1176708931086208,0.1166556262786944,0.1177253292325492,0.1153262396253831,0.1331942894106821,0.1140393933510484,0.1110604453087318,0.144702714400143,0.1615181877855785,0.1452482024615382,0.1415134125496867,0.1428334075322464,0.1240368868130544,0.1222920397610154,0.1248688773446414,0.14223887282403,0.0977807182486972,0.1046760197648246,0.1131960512602112,0.118459123683022,0.0615187506895606,0.0813954055421026,0.1404052805069494,0.140830798467071,0.1306494503027246,0.137643681527147,0.1388449900357274,0.1391531469157565,22419.94921875,10.93000030517578
2024-04-29,0.2589460478115782,0.1589781052778963,0.1508743036538793,0.1502247100794499,0.2020606308602177,0.143663786982076,0.1275639453831392,0.14660798077099305,0.1321698756627177,0.1231585075663688,0.120385643172978,0.1177728836214857,0.1125424734427286,0.1070698320837236,0.1077207964899532,0.1125307639288603,0.1742676493831222,0.1074380551019973,0.1097639515049231,0.1448429692485886,0.2245711942152449,0.161162588546099,0.1488159495184124,0.1432381849544566,0.1648941227609113,0.1375298377398158,0.1333244683895048,0.1361465570672445,0.1122565610923837,0.1181581680867532,0.1235100407676634,0.1280948123857697,0.09329475236120315,0.1028552269062334,0.1412568563504651,0.1409583042314979,0.0993959156445476,0.1356282192797507,0.1384221450107523,0.1390827948778195,22643.400390625,12.239999771118164
2024-04-30,0.4366573762036042,0.1614100123584498,0.150939146228428,0.1501487408868299,0.3037709498189596,0.1522015649374564,0.1414251267277663,0.1460650016284411,0.1605269658311758,0.1291704513620311,0.126104707691631,0.1224353309919038,0.1329012314522962,0.1123435485913237,0.1119557564229001,0.1151272278742938,0.1999687551414055,0.114192595915359,0.108202748898687,0.1079424469759388,0.2310102496483393,0.1526856376415996,0.1477192511733577,0.1429747752317487,0.1484873596317512,0.1283426904621578,0.1324498767331714,0.1388758385480862,0.1098613445941711,0.1071819296119792,0.1191056543361265,0.1240412054660217,0.09329475236120315,0.08171086547398859,0.105549977054251,0.1405376056909389,0.0993959156445476,0.1342585381843778,0.1380677372947202,0.138777963883355,22604.849609375,12.869999885559082
2024-05-02,0.2407815950468663,0.1518773811721036,0.1497655042372584,0.1517120835783481,0.1839433033892797,0.1490431643243511,0.1461108048574309,0.1378060735972457,0.1347149052119892,0.1281594363596851,0.1237492750790913,0.124437389437344,0.1103322063451024,0.1100475419649361,0.1141957042671544,0.1113343967218586,0.1232791522784179,0.1090477932769148,0.10556672858053,0.1033889174011376,0.1588643286803147,0.1405522695258456,0.1425948079384559,0.1448311559095169,0.1222136516843563,0.1242268107378498,0.1307372666925069,0.130818667468325,0.0960374433538219,0.1072488676614694,0.1178762389989026,0.1185894711985273,0.0656935724493497,0.1401209402118765,0.1402817051837667,0.1037507469681339,0.129259143177241,0.1372764548513167,0.1383602129272458,0.0932368147558094,22648.19921875,13.449999809265137
2024-05-03,0.1866109383039928,0.1503493780831649,0.1496076480589142,0.1414986712792668,0.1516514724336091,0.1450923456804805,0.1351165233769318,0.1350780048670999,0.1313582809025067,0.1299322822369989,0.1252405450197956,0.1260427234511599,0.1282648575873914,0.1199190502332241,0.1174631321482925,0.116837766191052,0.14673413854033823,0.12073868075175245,0.11209020188510141,0.1104936314877739,0.1556358943773172,0.1443911102892225,0.1422163235285433,0.1495144787907384,0.1286008908847767,0.1296125301624005,0.1336541723161692,0.1379746473752029,0.1154637828463545,0.1184606908034256,0.1253334591897206,0.1280033997405661,0.0993811203677604,0.1059032374825225,0.1174907677138927,0.1205300599251168,0.1123615219994317,0.1356145394595409,0.1383638416818038,0.11928522320361346,22475.849609375,14.619999885559082
2024-05-06,0.2500094912104864,0.1557245333125714,0.1497031252987299,0.1649176341002476,0.1920695464776073,0.1628986237815334,0.1540429056138901,0.1510864416810806,0.1642921611553628,0.1473406945717109,0.1437721397351777,0.1407114870641984,0.1599823948943063,0.1329181263374849,0.1292279874658418,0.1279172059409528,0.1948171462406619,0.1306703707715771,0.1215128477598081,0.1176658387311176,0.2023608919461161,0.1627238381164449,0.159161482836173,0.1607089027950693,0.1644221831786244,0.1473570905191082,0.1460251567309096,0.1480575253073428,0.1471511525477299,0.1301822297576015,0.1328236725941786,0.1349773601968474,0.1273395873919524,0.1060413194048117,0.1204412079592604,0.1219037955603576,0.1123615219994317,0.132939118076061,0.1369497814981361,0.1121294748623372,22442.69921875,16.600000381469727
2024-05-07,0.2571407417949877,0.1523426385962331,0.1502553845433561,0.1507031826325156,0.1575651407569707,0.1506429567646955,0.1452669340206277,0.1422423252860989,0.1620707469511741,0.1415247158462283,0.1399959882050021,0.1361016289462998,0.1830811823750272,0.1361037819795004,0.1296807947404666,0.1277179117366416,0.2459987679820937,0.1432472696521081,0.126843236148451,0.1223222836900613,0.2389307369895766,0.1678177098209821,0.1603857049167353,0.1600012377177657,0.1733402855024027,0.1524392439840641,0.1467643069148034,0.1505623478193486,0.1659396459041495,0.1393420019406329,0.1398772950235204,0.1395607030434976,0.1884898313019011,0.133248365127297,0.1318324246964937,0.1343072903682622,0.2414402134052699,0.1298732690572478,0.1355993265910129,0.1314992540711832,22302.5,17.010000228881836
2024-05-08,0.3497576830573141,0.1693740472317544,0.1502623384402845,0.1517839442199616,0.2263257604489011,0.1479099267738746,0.1461385445654064,0.1463111149135618,0.1608561707577192,0.1323055590062138,0.1356017200741954,0.1362452112514049,0.1851113457062053,0.1242482403919991,0.1281113263977909,0.1278721243595643,0.28518980801395,0.1339091554944282,0.123870744297029,0.1219604878807051,0.3007836715612544,0.1617166032951707,0.1535442589563976,0.1552323980622817,0.1917659671421035,0.1432005095708154,0.1394810754714125,0.1434370153672057,0.1555569371965519,0.1293309230490699,0.1322911413490954,0.1344178869234328,0.16239115225134199,0.11817529303345489,0.124845294469951,0.1249724896698897,0.2986242749262805,0.1279412137287423,0.1348286877536178,0.1216362475598524,22302.5,17.079999923706055
2024-05-09,0.22642984934050991,0.15179281307062553,0.1822862238184601,0.15018048677249515,0.1818586538526433,0.1479692318426197,0.1656603029067518,0.147511295101882,0.1570978973383904,0.151287368302235,0.1529027510353913,0.1463086394399996,0.1404802447529026,0.1412737198717501,0.1401019080478861,0.2142834982284429,0.1514366464804131,0.1397382445194006,0.1361957188342104,0.2046731951499705,0.1753961954861118,0.15967678553400805,0.16157119009547485,0.14282987343511389,0.1521366113175923,0.147621078941384,0.1485989867937623,0.1425150505194295,0.1302771959961705,0.1318476911069067,0.1358687045723019,0.1421100011233648,0.1008036442435762,0.1142522618425542,0.1209023708431991,0.1409522606034259,0.2986242749262805,0.1336056249809911,0.1076385066892873,0.139152823730519,21957.5,18.200000762939453
2024-05-10,0.15200836108958382,0.151778957201456,0.15435800217451734,0.1498560516439755,0.1321660023135081,0.1383068290108042,0.1444200862128891,0.1473477622208029,0.1285952062108632,0.1296688495382202,0.1346165167600273,0.2041704369992501,0.1247637441946599,0.1230135003188593,0.127959768784114,0.2002392175092447,0.144283327559956,0.1263731820226049,0.1256932901480827,0.1872621511151969,0.1699128375045676,0.1560000199824556,0.153172210578083,0.14253219855695198,0.1473341682866612,0.140508296855163,0.1421324488699297,0.1423094530314201,0.1344200964867228,0.1300250163238487,0.132982803132583,0.1418357978198108,0.1339678928677803,0.1237446957880484,0.1256118776946706,0.1409295481721123,0.1698655576097825,0.12946620428172476,0.1242470254325126,0.1388334138350172,22055.19921875,18.46999931335449
2024-05-13,0.2307633899530708,0.1607989216626487,0.180085317148928,0.1500660089431609,0.1877085029471268,0.1600326536314984,0.1601830326981612,0.1477478926493938,0.1502894750120545,0.1432631137959926,0.1476343279469602,0.2534588707974337,0.1488705106313731,0.1347166924490439,0.1378016598445846,0.2318455647762782,0.1919672352107769,0.1419138451345071,0.1352267611843436,0.2236184813620477,0.2284776446492952,0.1727402394333252,0.1627758543244085,0.1423193491770887,0.177028511423756,0.1514244401885154,0.1455958716046575,0.142032005185816,0.1520493434788618,0.1339169655203155,0.1334774354478358,0.2202780188449832,0.1435206763572376,0.1281096886891706,0.1221995546058115,0.1405245507091658,0.1535556586199831,0.1256486584990203,0.103630955715056,0.1383229053381308,22104.05078125,20.600000381469727
2024-05-14,0.29749126160131806,0.1582640718261307,0.1800523965481012,0.1503055714902332,0.1978861606940785,0.16242160019613475,0.15793427653354214,0.14692422867010416,0.1509605598035129,0.1381296438791611,0.1437840283157549,0.2427189900376145,0.1414192930003378,0.1272894759643023,0.133272497713877,0.229469994215624,0.2132183207875848,0.1343322923530792,0.1319122465315593,0.1439897679997876,0.2550266921257885,0.1675504077614472,0.1577310614492962,0.1421339951536523,0.18574257178628875,0.14255126788579453,0.1405806572749959,0.18536157483848675,0.1478247518329584,0.1258548915253152,0.1292307809901601,0.2159642743163209,0.1325915810005904,0.10793258938478635,0.1129917338703455,0.1405621649000599,0.26101964779593917,0.1304735379766718,0.0950153291514302,0.1376605629832031,22217.849609375,20.200000762939453
2024-05-15,0.4002425270689841,0.1693692659876433,0.1517841787085158,0.1503313291407788,0.2363605002750592,0.1577995948391505,0.1622154476468717,0.1472123801223863,0.1566408530844127,0.1373146662224122,0.1430343509397552,0.2399635088712942,0.1715469704127223,0.1257480801814898,0.1311607750595821,0.2304600045195799,0.2835041319173785,0.130522344619975,0.1295839401585061,0.2129652452761204,0.3111247532527598,0.1627406632146992,0.1579751668967053,0.1419336153495751,0.1994684954063237,0.1407221206822253,0.1406651152570786,0.1416485289712137,0.1497809851930741,0.1246135646924019,0.1281947588988257,0.2159787862345471,0.1374335128525613,0.1057882869677679,0.111324161952137,0.140340427850563,0.26101964779593917,0.1290935938556546,0.1054043971162167,0.1373014017006323,22200.55078125,20.270000457763672
2024-05-16,0.15307798557360125,0.1595376963183645,0.1512475528470258,0.1493699284200318,0.12086895644857686,0.1332185955448457,0.2313177423008774,0.1467633806710375,0.1168011534864131,0.1259399466737216,0.224195352380844,0.144937119138614,0.1127624733876291,0.1192922360083816,0.2121169500810544,0.1441630965442159,0.1265653759770694,0.1209921898756985,0.143698584089701,0.143860576336161,0.1750638199169369,0.1608677518956515,0.1421065794044165,0.1418089214076804,0.1439199252377468,0.1399496229845074,0.2278319513726356,0.1415004068019359,0.1268258025799552,0.127767738391634,0.2177939949709693,0.1408583109446739,0.1232691500105714,0.1211064144099299,0.1402213508710852,0.1397564512418992,0.1411380463622926,0.13413891981081633,0.1378466772951493,0.1378038403919128,22403.849609375,20.0
2024-05-17,0.1585464408564413,0.1264750050380126,0.1496106450651698,0.1491172974840355,0.0971058057442991,0.1216915390748478,0.2216573067818385,0.1470509144964898,0.102340947059903,0.1145403577409722,0.2174005587446587,0.2042923932276685,0.1004223309078705,0.1089544783645354,0.2047793865606728,0.1438241227935142,0.1282123873309178,0.1131214730486203,0.143346602083854,0.1435109939542651,0.1788658052534668,0.1631383589510757,0.1418048121564018,0.1415523008302871,0.1437717928376834,0.140186309261869,0.2293350912674642,0.1412863318469749,0.1277927188516826,0.1270041025060098,0.2183913567351276,0.1407168636604799,0.1486152916820436,0.1255903708626695,0.2061862055461426,0.1395775568615664,0.2205786066870165,0.1360978540175044,0.1380578265069824,0.1376604516603327,22466.099609375,19.799999237060547
2024-05-21,0.2948999374622159,0.2132979309031581,0.1499902623907223,0.1483227095463623,0.17018820552848385,0.1799306847103415,0.2693285140464125,0.1461324639520366,0.1514331906531242,0.1494034538503948,0.2567306393787567,0.2178049785191816,0.147259076816038,0.1318183970697334,0.2433073993524651,0.1429321866296858,0.2198141255782854,0.1325762328037519,0.2378970502943783,0.1426929104187466,0.2471040584960677,0.1679139367829516,0.2375272967699132,0.1409391017221629,0.1881922103000222,0.1405267458823528,0.243812392231624,0.1407036767495649,0.1514796204464918,0.1176763541358273,0.2258525782896603,0.1401903487751073,0.15817231973291415,0.0895507555589408,0.2069448988483888,0.1389434115469769,0.2205786066870165,0.1231114733916098,0.1375327684662405,0.1363832871624381,22529.05078125,21.809999465942383
2024-05-22,0.452738109238893,0.2148468099116644,0.296208896887921,0.1490657740811447,0.27428810040064755,0.172811218448652,0.2607605273808831,0.1460409747525332,0.1581703783938735,0.1355689125100998,0.2466025014502283,0.2314438108701511,0.1611671808709468,0.1205544217300275,0.2321867856596627,0.1427831315795319,0.2755425031167079,0.1252217487057033,0.1422887422000448,0.1424977179899011,0.3170758926465136,0.1646266683976824,0.2559914145238635,0.1407853063861418,0.2111965105237647,0.1362717489792262,0.2386677527724585,0.1404486551496324,0.14243396360878,0.1148976891975208,0.2223383837900202,0.2052414905179072,0.15817231973291415,0.0894714803233089,0.2018029463360034,0.13866290022726,0.2205786066870165,0.1253613039164566,0.1374496656861982,0.1362743763205761,22597.80078125,21.46999931335449
2024-05-23,0.1950538846568506,0.2803023678865897,0.1529135744760986,0.1493860506532563,0.1576789413158047,0.2571558818373707,0.2305912987313128,0.1474444380266315,0.1319514650438732,0.2362371139467476,0.2192146145741342,0.1450760644302273,0.12243918135164594,0.2217912357393676,0.14407734547332696,0.14426761525879161,0.1366097896755685,0.1434963358819982,0.1437403663037051,0.1439245614671688,0.1847735706896272,0.2694196936629717,0.1421698285036748,0.1419121531724914,0.1536961626894557,0.2493816968758266,0.222750308549557,0.1415652455864142,0.1303968270761953,0.2271673333610347,0.2108271498742644,0.1410637704930251,0.1162411058975506,0.2121801872612267,0.1401532719396674,0.1398547565224191,0.1312484552932319,0.1380633586806655,0.1373928068665649,0.1378272935801057,22967.650390625,21.3799991607666
2024-05-24,0.2685571859545442,0.2963641359289439,0.1491995341620757,0.1488243992391491,0.1949414496022932,0.2792288921523622,0.2457897689172725,0.1469121962653153,0.1496858613329483,0.2544377595394131,0.2348309905909608,0.1446869536043541,0.1320150709812499,0.2408127595117547,0.2210203798574892,0.1438223646083153,0.15100034533563228,0.1430740703937502,0.14332322076843163,0.14351823288034166,0.1796239795988993,0.2694784976924359,0.141809994937715,0.1415804095582572,0.1441810729992731,0.2488303030775054,0.2191762395657079,0.1412134804444603,0.1201111379322775,0.2257167812581029,0.2043308348618515,0.1406984896734752,0.08645720695371165,0.2083114883768312,0.1930347543410336,0.1395806828260015,0.1312484552932319,0.13729635141270496,0.13752616741856388,0.1377073265501298,22957.099609375,21.709999084472656
2024-05-27,0.387491749902549,0.3689675477153717,0.1506572428355148,0.1489735344205602,0.2551043439802591,0.33202778152723955,0.14657950381696466,0.1465825252252338,0.1876203491824545,0.3056841302664572,0.2623832759610021,0.2326860233192493,0.1716210417332866,0.2883831249592142,0.2490630318148365,0.1434268807473217,0.2054904622976322,0.2791182421846728,0.142937160098806,0.1431198641711298,0.2255531627644219,0.313760172286735,0.1415570491462053,0.1413516737200332,0.17871402815494009,0.2889107785064682,0.24328069071593356,0.14102241151913436,0.141329670560816,0.2600608474313665,0.2285747546987064,0.1404746032165414,0.08963388981489145,0.2371652923112703,0.2149011870134094,0.1392498343904999,0.1312484552932319,0.2136357763508142,0.1381792594610157,0.1371211775125027,22932.44921875,23.190000534057617
2024-05-28,0.43645187578437444,0.37280687293648884,0.15132922537920046,0.1485779902868682,0.2894261637667363,0.3599760567111518,0.1461119124641404,0.1455371917245491,0.1957059028057833,0.3301971256517455,0.275314374851935,0.2395362093821849,0.1821219459826278,0.3102520458360631,0.2634195429540104,0.1430949006973236,0.2415250555404641,0.3056541318582655,0.1426060238541746,0.1428032691327953,0.2417730412775457,0.3410956701646666,0.1413047634322121,0.14108218609940293,0.1829880482183738,0.3198126422778447,0.265709982072325,0.140799622475147,0.1368283328941256,0.2916732814229174,0.2507965031164928,0.1402915111605628,0.08963388981489145,0.2711612026996784,0.2379865992200389,0.1390042769126224,0.1312484552932319,0.2378330166343494,0.136512381792326,0.1367608177130804,22888.150390625,24.200000762939453
2024-05-29,0.5560769818940484,0.392850764396311,0.322966099871053,0.1492516940035176,0.3694057906972475,0.374303953040516,0.3033790176468769,0.1450963565996713,0.2215565740229892,0.3537716659703669,0.2917861793459135,0.248686671706972,0.2073643902312361,0.3388600606118142,0.2804008120552593,0.1430472887811752,0.3060800413481575,0.3360573244850176,0.1425398443591307,0.1427011236100116,0.3024650450823151,0.3444302359245565,0.1413430100460039,0.1410452829702661,0.1987771765430884,0.3278331468771424,0.1411402271973334,0.1407117808939938,0.1551456640494689,0.3070232651723236,0.2619644378710076,0.1403107400376581,0.08963388981489145,0.2933579585466003,0.2471983897594085,0.1391747529268137,0.1312484552932319,0.2576537552447605,0.1364853650745125,0.1367392937458623,22704.69921875,24.18000030517578
2024-05-30,0.4050571044800363,0.3291141455250018,0.1488963082734963,0.2587847258413062,0.3802174863953087,0.3090850588626134,0.1452848420849472,0.2471439222042311,0.3637575204818672,0.2938741096818097,0.1441381293808725,0.2347205537302524,0.3532483538711098,0.2844914067185334,0.1433365171925812,0.2255531285949223,0.3526260257905501,0.2769011782575851,0.1429096043574297,0.2181072834452145,0.3574200696334319,0.1415429084853923,0.1413012006530429,0.2394260529513682,0.3443988004774744,0.1413539239219438,0.1409565396922039,0.2306872261883281,0.3302967045037675,0.2648226543497943,0.1404504022043009,0.2215439132075352,0.3132419631981775,0.2534145604212141,0.1394691187727613,0.2100375285910128,0.2938919550169502,0.233002073177917,0.1365968662961649,0.1973459847452203,22488.650390625,24.18000030517578
2024-05-31,0.4666254420108893,0.3677755969778183,0.1485801057385714,0.149317081422396,0.4347571321271654,0.3428174090696185,0.1449093327341896,0.2682307486293113,0.3975117183151004,0.3131193734907961,0.2690675846928719,0.2510038918020539,0.3646769695845999,0.295157228488918,0.2501252816224562,0.2357966080961921,0.3584730581653506,0.1994384679412277,0.1425777784697057,0.2256678792030285,0.4025898277269911,0.1412781825268876,0.1410271803650556,0.246361945856555,0.3813412047878566,0.1411494160257494,0.1407131343892321,0.2358468768213744,0.3499675693092865,0.2747577711091193,0.1402321870792874,0.2216748652483175,0.3075107166609703,0.2524519631409181,0.1390186169945743,0.2066180613796022,0.2850594938453262,0.2249057048521406,0.136081680493822,0.1885945675059135,22530.69921875,24.600000381469727
