Date,Strike,Expiry,OptionType,OI,Volume,SettlementPrice
2024-04-26,23000.0,2025-03-27,CE,0,0,1715.2
2024-04-26,23000.0,2024-05-30,CE,2282425,118741,133.3
2024-04-26,23550.0,2024-05-30,PE,2000,0,1059.5
2024-04-26,23550.0,2024-07-25,CE,0,0,353.85
2024-04-26,23000.0,2026-12-31,PE,8075,11,661.85
2024-04-26,23000.0,2024-07-25,CE,12675,705,517.8
2024-04-26,23550.0,2024-05-02,CE,221650,123686,1.35
2024-04-26,23000.0,2028-12-28,CE,0,0,6555.3
2024-04-26,23550.0,2024-05-16,PE,0,0,1071.05
2024-04-26,23000.0,2027-12-30,PE,0,0,563.65
2024-04-26,23000.0,2025-06-26,CE,0,0,2094.9
2024-04-26,23000.0,2024-05-23,CE,20225,1259,103.0
2024-04-26,23000.0,2024-12-26,CE,236075,739,1207.6
2024-04-26,23000.0,2024-12-26,PE,438175,1788,685.5
2024-04-26,23550.0,2024-07-25,PE,0,0,1063.2
2024-04-26,23550.0,2024-05-09,PE,600,0,1081.85
2024-04-26,20600.0,2024-05-16,PE,0,0,0.95
2024-04-26,22500.0,2024-05-09,PE,420525,96962,181.55
2024-04-26,20600.0,2024-05-09,CE,600,0,1871.75
2024-04-26,22500.0,2024-06-27,PE,928475,18359,453.95
2024-04-26,22500.0,2024-05-30,PE,2997000,177507,292.3
2024-04-26,20600.0,2024-05-23,CE,150,0,1930.2
2024-04-26,23500.0,2024-05-09,PE,3225,56,944.4
2024-04-26,23500.0,2024-05-16,PE,0,0,1025.8
2024-04-26,22500.0,2024-05-23,PE,49900,2867,264.65
2024-04-26,23500.0,2024-05-16,CE,45275,3833,13.65
2024-04-26,22550.0,2024-05-23,PE,200,37,355.8
2024-04-26,22550.0,2024-05-16,CE,5675,514,241.45
2024-04-26,22550.0,2024-07-25,CE,0,0,779.5
2024-04-26,22800.0,2024-05-23,CE,3950,260,161.65
2024-04-26,22800.0,2024-05-09,PE,22300,5003,354.55
2024-04-26,21900.0,2024-05-16,CE,150,2,691.95
2024-04-26,21900.0,2024-06-27,CE,15400,382,1034.15
2024-04-26,21900.0,2024-05-02,CE,99550,2729,608.45
2024-04-26,21900.0,2024-05-09,PE,226775,36485,36.05
2024-04-26,21900.0,2024-07-25,CE,0,0,1183.1
2024-04-26,21900.0,2024-05-16,PE,28200,1100,62.05
2024-04-26,21900.0,2024-05-30,PE,858625,33322,112.75
2024-04-26,14000.0,2026-12-31,PE,950,0,2.55
2024-04-26,23450.0,2024-05-16,CE,2750,270,15.55
2024-04-26,23450.0,2024-05-16,PE,0,0,981.05
2024-04-26,23450.0,2024-05-02,PE,950,41,972.85
2024-04-26,23450.0,2024-05-23,CE,0,0,72.25
2024-04-26,22150.0,2024-05-02,PE,842375,578245,31.0
2024-04-26,22150.0,2024-07-25,CE,0,0,1016.3
2024-04-26,22150.0,2024-05-23,PE,1500,68,187.3
2024-04-26,22150.0,2024-05-09,CE,4225,103,452.1
2024-04-26,22150.0,2024-05-23,CE,50,0,572.45
2024-04-26,22150.0,2024-05-16,PE,725,32,113.45
2024-04-26,22150.0,2024-05-30,CE,18350,202,580.9
2024-04-26,22150.0,2024-07-25,PE,0,0,350.7
2024-04-26,22150.0,2024-06-27,PE,3950,213,331.2
2024-04-26,20700.0,2024-05-16,PE,0,0,1.5
2024-04-26,20700.0,2024-06-27,PE,248675,1341,78.55
2024-04-26,20700.0,2024-05-09,PE,10450,0,0.2
2024-04-26,20700.0,2024-05-02,PE,239450,49052,1.35
2024-04-26,20700.0,2024-06-27,CE,200,0,2008.0
2024-04-26,20700.0,2024-05-30,CE,6100,0,1869.0
2024-04-26,20700.0,2024-05-09,CE,200,0,1772.1
2024-04-26,20700.0,2024-05-23,CE,0,0,1832.05
2024-04-26,20700.0,2024-05-23,PE,0,0,4.4
2024-04-26,20700.0,2024-05-30,PE,143325,7044,15.5
2024-04-26,20700.0,2024-05-02,CE,3825,3,1743.95
2024-04-26,20700.0,2024-05-16,CE,0,0,1801.3
2024-04-26,20950.0,2024-07-25,CE,0,0,1929.75
2024-04-26,20950.0,2024-05-16,PE,400,0,4.35
2024-04-26,20250.0,2024-05-09,CE,300,0,2220.75
2024-04-26,20950.0,2024-06-27,PE,6850,0,51.75
2024-04-26,20250.0,2024-05-02,PE,2445125,140300,0.95
2024-04-26,20250.0,2024-05-02,CE,425,2,2193.4
2024-04-26,22600.0,2024-06-27,CE,82075,3281,568.65
2024-04-26,22600.0,2024-05-09,CE,334200,69441,153.7
2024-04-26,23250.0,2024-05-16,CE,50,0,68.15
2024-04-26,22600.0,2024-05-02,PE,1768500,3426113,186.45
2024-04-26,22600.0,2024-05-02,CE,5481200,4680047,80.85
2024-04-26,22600.0,2024-05-23,PE,13700,925,319.35
2024-04-26,22600.0,2024-05-23,CE,18750,1160,249.75
2024-04-26,22600.0,2024-05-16,CE,42675,3490,214.1
2024-04-26,23500.0,2024-06-27,PE,76750,1015,1017.3
2024-04-26,22500.0,2024-05-16,CE,120775,7655,265.65
2024-04-26,17000.0,2024-09-26,CE,0,0,5933.2
2024-04-26,17000.0,2025-03-27,CE,0,0,6528.35
2024-04-26,23800.0,2024-05-16,PE,0,0,1303.9
2024-04-26,17000.0,2028-06-29,PE,0,0,43.55
2024-04-26,23800.0,2024-05-30,PE,1800,9,1274.45
2024-04-26,23350.0,2024-05-16,PE,0,0,893.45
2024-04-26,23350.0,2024-05-23,CE,725,5,88.5
2024-04-26,23350.0,2024-07-25,PE,0,0,933.55
2024-04-26,23350.0,2024-05-30,PE,8425,21,897.9
2024-04-26,23350.0,2024-06-27,CE,1425,82,247.65
2024-04-26,26000.0,2024-06-27,CE,426800,4065,10.9
2024-04-26,26000.0,2026-06-25,CE,0,0,1991.1
2024-04-26,26000.0,2026-06-25,PE,0,0,1766.4
2024-04-26,26000.0,2027-06-24,CE,0,0,3193.3
2024-04-26,26000.0,2026-12-31,PE,0,0,1567.25
2024-04-26,23350.0,2024-06-27,PE,350,0,917.7
2024-04-26,23350.0,2024-05-30,CE,61475,4000,56.4
2024-04-26,23350.0,2024-05-16,CE,200,12,53.4
2024-04-26,23350.0,2024-07-25,CE,0,0,420.6
2024-04-26,26000.0,2024-12-26,CE,192050,803,161.05
2024-04-26,26000.0,2025-06-26,CE,0,0,819.7
2024-04-26,26000.0,2025-12-24,PE,0,0,1995.35
2024-04-26,26000.0,2028-06-29,CE,0,0,4394.85
2024-04-26,26000.0,2027-06-24,PE,0,0,1408.2
2024-04-26,26000.0,2028-12-28,CE,0,0,4968.4
2024-04-26,24250.0,2024-05-30,PE,1900,0,1687.35
2024-04-26,20550.0,2024-05-16,CE,0,0,1949.95
2024-04-26,24250.0,2024-06-27,CE,32875,99,68.0
2024-04-26,20550.0,2024-05-02,PE,23575,14148,1.15
2024-04-26,20550.0,2024-05-30,CE,425,3,2014.85
2024-04-26,24250.0,2024-05-16,CE,450,11,3.65
2024-04-26,20550.0,2024-05-09,CE,300,0,1921.6
2024-04-26,20550.0,2024-05-23,CE,0,0,1979.4
2024-04-26,24250.0,2024-05-16,PE,0,0,1740.2
2024-04-26,24250.0,2024-05-02,PE,150,0,1802.0
2024-04-26,24250.0,2024-07-25,PE,0,0,1579.1
2024-04-26,24250.0,2024-05-02,CE,59300,11165,0.8
2024-04-26,24250.0,2024-06-27,PE,100,0,1622.2
2024-04-26,24250.0,2024-05-09,CE,10525,171,2.15
2024-04-26,24250.0,2024-05-30,CE,90025,921,9.1
2024-04-26,25000.0,2024-09-26,PE,0,0,2067.75
2024-04-26,25000.0,2024-12-26,CE,304175,621,355.55
2024-04-26,25000.0,2028-12-28,PE,0,0,808.85
2024-04-26,25000.0,2028-06-29,CE,0,0,4893.0
2024-04-26,25000.0,2025-03-27,PE,0,0,1792.2
2024-04-26,25000.0,2025-12-24,CE,0,0,1788.2
2024-04-26,25000.0,2027-12-30,PE,0,0,987.75
2024-04-26,25000.0,2027-12-30,CE,0,0,4303.5
2024-04-26,25000.0,2024-06-27,CE,1081050,7436,25.1
2024-04-26,25000.0,2027-06-24,CE,0,0,3675.6
2024-04-26,25000.0,2028-06-29,PE,0,0,893.4
2024-04-26,25000.0,2028-12-28,CE,0,0,5467.75
2024-04-26,23700.0,2024-07-25,PE,0,0,1165.95
2024-04-26,23700.0,2024-05-23,CE,4275,164,14.65
2024-04-26,23700.0,2024-05-30,CE,502800,29025,22.0
2024-04-26,23700.0,2024-05-16,CE,825,80,9.6
2024-04-26,23700.0,2024-05-09,CE,29950,3444,3.65
2024-04-26,23700.0,2024-07-25,CE,0,0,309.25
2024-04-26,23700.0,2024-05-30,PE,4975,33,1170.0
2024-04-26,21500.0,2024-05-30,PE,2610425,82148,58.35
2024-04-26,23750.0,2024-05-02,CE,192000,80204,1.1
2024-04-26,21500.0,2024-05-09,CE,4475,129,1046.15
2024-04-26,23750.0,2024-05-16,CE,150,0,18.1
2024-04-26,23750.0,2024-05-23,CE,600,0,37.55
2024-04-26,21500.0,2024-05-02,PE,5288900,846966,3.15
2024-04-26,23750.0,2024-05-30,CE,46750,3542,18.7
2024-04-26,23750.0,2024-05-09,PE,350,0,1275.35
2024-04-26,21500.0,2024-06-27,CE,37450,293,1332.85
2024-04-26,23750.0,2024-05-30,PE,700,0,1230.45
2024-04-26,21500.0,2024-05-23,CE,0,0,1079.35
2024-04-26,24050.0,2024-05-02,PE,150,0,1602.2
2024-04-26,24050.0,2024-05-09,PE,150,0,1571.05
2024-04-26,24050.0,2024-07-25,CE,0,0,222.4
2024-04-26,24050.0,2024-05-30,CE,8925,1555,11.95
2024-04-26,24050.0,2024-06-27,PE,300,2,1452.6
2024-04-26,16000.0,2024-12-26,CE,21800,0,7183.35
2024-04-26,16000.0,2024-06-27,CE,0,0,6617.4
2024-04-26,16000.0,2024-09-26,PE,0,0,0.05
2024-04-26,16000.0,2026-06-25,CE,0,0,8773.15
2024-04-26,20400.0,2024-05-16,CE,0,0,2099.0
2024-04-26,20400.0,2024-05-16,PE,0,0,0.4
2024-04-26,20400.0,2024-05-02,PE,235250,58619,1.1
2024-04-26,20400.0,2024-05-23,CE,0,0,2127.5
2024-04-26,20400.0,2024-05-09,CE,300,0,2071.15
2024-04-26,16000.0,2028-12-28,CE,0,0,11077.9
2024-04-26,16000.0,2024-06-27,PE,56000,2,0.0
2024-04-26,16000.0,2025-06-26,PE,100,0,2.8
2024-04-26,16000.0,2027-12-30,PE,0,0,22.15
2024-04-26,16000.0,2027-06-24,PE,0,0,19.5
2024-04-26,16000.0,2027-06-24,CE,0,0,9741.1
2024-04-26,16000.0,2024-12-26,PE,17200,0,0.3
2024-04-26,16000.0,2028-12-28,PE,0,0,25.0
2024-04-26,22300.0,2024-05-23,CE,5450,240,422.4
2024-04-26,22300.0,2024-05-16,CE,7650,636,389.0
2024-04-26,22300.0,2024-05-30,CE,365375,9662,475.55
2024-04-26,22450.0,2024-06-27,PE,4900,231,431.1
2024-04-26,22300.0,2024-05-09,CE,128700,8599,329.3
2024-04-26,22300.0,2024-06-27,CE,34175,420,751.4
2024-04-26,22300.0,2024-05-09,PE,302350,36261,110.5
2024-04-26,22300.0,2024-06-27,PE,97050,4034,379.15
2024-04-26,22450.0,2024-05-30,PE,72750,8306,271.0
2024-04-26,22450.0,2024-05-16,CE,8350,743,296.25
2024-04-26,22300.0,2024-05-02,PE,3024825,1918131,60.75
2024-04-26,22300.0,2024-05-16,PE,26475,1786,150.65
2024-04-26,23600.0,2024-07-25,CE,0,0,338.45
2024-04-26,22300.0,2024-05-23,PE,25750,362,191.75
2024-04-26,22450.0,2024-05-02,PE,1093075,2293928,110.85
2024-04-26,22100.0,2024-05-02,CE,213075,16381,418.3
2024-04-26,22100.0,2024-05-23,CE,1100,5,606.05
2024-04-26,22100.0,2024-05-16,CE,3350,17,539.55
2024-04-26,22100.0,2024-07-25,CE,0,0,1048.55
2024-04-26,24500.0,2024-05-02,PE,550,7,1992.05
2024-04-26,24500.0,2024-05-30,PE,304950,964,1920.55
2024-04-26,22100.0,2024-05-30,CE,193275,2119,620.4
2024-04-26,24500.0,2024-06-27,PE,400,15,1842.15
2024-04-26,22100.0,2024-05-23,PE,3350,118,129.15
2024-04-26,22100.0,2024-05-16,PE,21275,611,98.8
2024-04-26,21050.0,2024-05-09,PE,975,39,5.7
2024-04-26,21050.0,2024-05-09,CE,550,0,1424.3
2024-04-26,21050.0,2024-05-16,PE,350,0,6.4
2024-04-26,21050.0,2024-05-23,CE,0,0,1493.3
2024-04-26,21050.0,2024-05-30,PE,14250,764,27.55
2024-04-26,21050.0,2024-05-16,CE,0,0,1457.5
2024-04-26,21050.0,2024-07-25,PE,0,0,98.15
2024-04-26,23450.0,2024-05-30,CE,45375,6418,42.0
2024-04-26,23450.0,2024-07-25,CE,0,0,386.15
2024-04-26,22150.0,2024-05-02,CE,56425,8288,375.7
2024-04-26,20350.0,2024-05-30,PE,5800,379,8.95
2024-04-26,20350.0,2024-06-27,PE,0,0,16.05
2024-04-26,20350.0,2024-05-02,PE,85625,23289,0.9
2024-04-26,22650.0,2024-05-09,CE,69875,18461,133.7
2024-04-26,21050.0,2024-05-30,CE,450,0,1535.3
2024-04-26,21050.0,2024-05-02,PE,49175,55247,1.85
2024-04-26,21050.0,2024-06-27,PE,3250,0,61.55
2024-04-26,21050.0,2024-05-02,CE,1050,0,1394.4
2024-04-26,23600.0,2024-06-27,PE,1675,14,1097.6
2024-04-26,23600.0,2024-05-23,CE,550,0,52.55
2024-04-26,23600.0,2024-05-16,CE,3975,379,10.9
2024-04-26,23600.0,2024-06-27,CE,36625,976,174.4
2024-04-26,22550.0,2024-06-27,PE,8400,216,478.35
2024-04-26,22800.0,2024-05-23,PE,0,0,497.4
2024-04-26,22550.0,2024-05-09,PE,39850,20090,203.35
2024-04-26,22800.0,2024-06-27,PE,30925,941,586.65
2024-04-26,22800.0,2024-05-30,PE,225275,12881,443.4
2024-04-26,22550.0,2024-05-30,PE,94125,13622,314.0
2024-04-26,22800.0,2024-07-25,PE,0,0,623.7
2024-04-26,21900.0,2024-05-23,CE,50,0,750.4
2024-04-26,21900.0,2024-05-09,CE,5275,13,657.6
2024-04-26,21900.0,2024-06-27,PE,40400,402,265.45
2024-04-26,14000.0,2025-06-26,PE,1150,0,0.15
2024-04-26,14000.0,2024-06-27,PE,8925,0,0.0
2024-04-26,14000.0,2024-12-26,PE,3300,0,0.0
2024-04-26,14000.0,2026-06-25,PE,100,0,1.45
2024-04-26,14000.0,2024-12-26,CE,100,0,9087.65
2024-04-26,23450.0,2024-05-09,PE,300,0,987.0
2024-04-26,23450.0,2024-07-25,PE,0,0,997.3
2024-04-26,20350.0,2024-06-27,CE,350,0,2337.1
2024-04-26,20350.0,2024-05-16,CE,0,0,2148.7
2024-04-26,21600.0,2024-07-25,PE,0,0,195.5
2024-04-26,21000.0,2024-05-09,PE,164550,20531,5.45
2024-04-26,21000.0,2028-06-29,PE,0,0,267.9
2024-04-26,21000.0,2025-03-27,CE,0,0,3040.75
2024-04-26,21000.0,2024-09-26,CE,100,0,2209.3
2024-04-26,21000.0,2024-05-09,CE,1425,1,1500.0
2024-04-26,21000.0,2024-05-23,PE,16025,260,17.2
2024-04-26,21000.0,2025-06-26,CE,0,0,3421.05
2024-04-26,19000.0,2024-12-26,CE,77175,33,4357.85
2024-04-26,19000.0,2028-12-28,PE,0,0,115.4
2024-04-26,19000.0,2024-09-26,CE,0,0,4005.3
2024-04-26,19000.0,2027-12-30,PE,750,0,121.55
2024-04-26,19000.0,2025-12-24,CE,3200,0,5688.9
2024-04-26,19000.0,2027-12-30,CE,0,0,8022.3
2024-04-26,19000.0,2025-06-26,PE,600050,0,68.7
2024-04-26,19000.0,2028-06-29,CE,0,0,8539.7
2024-04-26,19000.0,2027-06-24,CE,100,0,7462.2
2024-04-26,19000.0,2028-06-29,PE,0,0,119.25
2024-04-26,19000.0,2025-03-27,CE,0,0,4704.4
2024-04-26,19000.0,2025-03-27,PE,0,0,51.55
2024-04-26,19000.0,2028-12-28,CE,0,0,9036.95
2024-04-26,19000.0,2024-06-27,CE,437600,2021,3599.9
2024-04-26,19000.0,2024-06-27,PE,946625,4398,20.05
2024-04-26,19000.0,2026-06-25,PE,100,0,109.7
2024-04-26,19000.0,2027-06-24,PE,250,0,121.55
2024-04-26,20500.0,2024-05-02,PE,2255450,154280,1.3
2024-04-26,21450.0,2024-05-30,PE,34200,2119,51.85
2024-04-26,22700.0,2024-05-09,CE,366600,54944,112.5
2024-04-26,21450.0,2024-05-23,PE,100,1,42.0
2024-04-26,20500.0,2024-05-02,CE,16325,9,2016.15
2024-04-26,20500.0,2024-05-16,PE,31850,948,4.75
2024-04-26,20500.0,2024-05-09,CE,200,0,1971.45
2024-04-26,21450.0,2024-05-02,PE,427450,137233,2.75
2024-04-26,21450.0,2024-05-09,PE,4800,485,12.05
2024-04-26,21450.0,2024-05-30,CE,1050,1,1145.0
2024-04-26,21450.0,2024-06-27,CE,325,1,1351.5
2024-04-26,20500.0,2024-05-30,PE,1742050,32018,11.7
2024-04-26,20500.0,2024-05-30,CE,628550,876,2033.15
2024-04-26,20500.0,2024-05-16,CE,100,0,1999.6
2024-04-26,22900.0,2024-05-23,PE,0,0,561.6
2024-04-26,22900.0,2024-05-09,PE,5950,1104,428.9
2024-04-26,22900.0,2024-05-09,CE,336400,53148,52.95
2024-04-26,18000.0,2025-06-26,PE,250,0,27.9
2024-04-26,18000.0,2026-12-31,PE,6050,0,66.35
2024-04-26,18000.0,2024-12-26,CE,25550,2,5287.2
2024-04-26,18000.0,2026-06-25,PE,0,0,57.7
2024-04-26,18000.0,2025-03-27,CE,0,0,5606.15
2024-04-26,18000.0,2028-06-29,CE,0,0,9231.4
2024-04-26,18000.0,2024-09-26,CE,50,0,4965.15
2024-04-26,18000.0,2028-12-28,PE,0,0,73.3
2024-04-26,24150.0,2024-06-27,CE,1400,96,76.35
2024-04-26,24150.0,2024-05-23,PE,0,0,1618.45
2024-04-26,24150.0,2024-05-02,CE,41800,31195,0.9
2024-04-26,18000.0,2024-12-26,PE,331625,287,43.8
2024-04-26,21200.0,2024-07-25,CE,0,0,1718.45
2024-04-26,21200.0,2024-05-09,CE,550,0,1276.4
2024-04-26,21200.0,2024-05-23,PE,0,0,21.5
2024-04-26,23900.0,2024-05-30,PE,700,0,1363.75
2024-04-26,21200.0,2024-05-09,PE,41300,5602,7.05
2024-04-26,23900.0,2024-05-23,PE,0,0,1382.1
2024-04-26,23900.0,2024-05-23,CE,1325,29,13.1
2024-04-26,23900.0,2024-05-02,CE,163875,119041,0.95
2024-04-26,23900.0,2024-05-30,CE,143150,17705,14.7
2024-04-26,21200.0,2024-07-25,PE,0,0,119.8
2024-04-26,23900.0,2024-05-09,CE,12850,329,2.7
2024-04-26,21200.0,2024-06-27,PE,180450,1517,132.95
2024-04-26,21200.0,2024-05-23,CE,0,0,1351.7
2024-04-26,23900.0,2024-07-25,CE,0,0,257.7
2024-04-26,23900.0,2024-05-02,PE,150,0,1452.4
2024-04-26,23900.0,2024-06-27,PE,1200,0,1329.7
2024-04-26,24150.0,2024-05-16,PE,0,0,1642.1
2024-04-26,24150.0,2024-06-27,PE,250,1,1536.65
2024-04-26,19500.0,2025-12-24,CE,1450,0,5282.95
2024-04-26,21250.0,2024-05-30,PE,50475,3776,37.05
2024-04-26,21250.0,2024-05-23,PE,0,0,24.75
2024-04-26,22250.0,2024-05-30,PE,53225,3074,200.05
2024-04-26,22250.0,2024-07-25,CE,0,0,953.55
2024-04-26,22250.0,2024-05-09,PE,84300,13107,96.55
2024-04-26,23000.0,2024-05-30,PE,1106400,30333,565.15
2024-04-26,23000.0,2027-06-24,CE,0,0,4779.55
2024-04-26,21100.0,2024-07-25,CE,0,0,1801.85
2024-04-26,21100.0,2024-07-25,PE,0,0,105.0
2024-04-26,21100.0,2024-05-02,CE,1850,0,1344.45
2024-04-26,21100.0,2024-06-27,PE,162175,1291,119.8
2024-04-26,21100.0,2024-06-27,CE,425,1,1647.35
2024-04-26,21100.0,2024-05-23,PE,0,0,16.1
2024-04-26,21100.0,2024-05-16,PE,50,0,7.7
2024-04-26,22350.0,2024-05-09,CE,18125,4660,297.95
2024-04-26,22350.0,2024-05-02,CE,696800,193469,217.25
2024-04-26,22350.0,2024-06-27,PE,4300,303,388.55
2024-04-26,22350.0,2024-05-09,PE,49250,9254,125.45
2024-04-26,22350.0,2024-05-23,CE,100,3,388.8
2024-04-26,21950.0,2024-07-25,PE,0,0,286.6
2024-04-26,21950.0,2024-05-23,PE,200,8,129.65
2024-04-26,21950.0,2024-05-30,PE,66450,3877,123.2
2024-04-26,22350.0,2024-05-23,PE,850,47,204.4
2024-04-26,22350.0,2024-05-02,PE,1371575,1190616,74.8
2024-04-26,21950.0,2024-05-02,CE,32650,562,561.95
2024-04-26,21950.0,2024-06-27,CE,700,0,972.7
2024-04-26,22350.0,2024-07-25,PE,0,0,423.95
2024-04-26,21950.0,2024-05-02,PE,862225,350674,12.95
2024-04-26,21950.0,2024-05-16,PE,2875,68,71.5
2024-04-26,22400.0,2024-05-30,CE,697225,33709,415.6
2024-04-26,21750.0,2024-05-09,PE,54675,7189,24.1
2024-04-26,21750.0,2024-05-30,PE,81925,9222,86.95
2024-04-26,21750.0,2024-05-23,CE,0,0,868.05
2024-04-26,22250.0,2024-05-02,CE,111425,44150,292.25
2024-04-26,23000.0,2024-05-09,PE,32150,2528,511.15
2024-04-26,23550.0,2024-05-16,CE,250,4,31.8
2024-04-26,23550.0,2024-05-30,CE,27025,3168,32.25
2024-04-26,23000.0,2025-12-24,CE,5200,1,2811.45
2024-04-26,23000.0,2027-12-30,CE,0,0,5407.75
2024-04-26,23550.0,2024-05-23,PE,0,0,1066.1
2024-04-26,23000.0,2026-06-25,CE,0,0,3498.9
2024-04-26,23000.0,2024-05-09,CE,840100,84292,35.05
2024-04-26,23000.0,2025-12-24,PE,9725,4,758.7
2024-04-26,23550.0,2024-05-02,PE,375,16,1103.4
2024-04-26,23000.0,2026-12-31,CE,500,0,4176.8
2024-04-26,23000.0,2028-06-29,PE,0,0,518.15
2024-04-26,23000.0,2024-05-16,CE,79300,5255,67.0
2024-04-26,23000.0,2027-06-24,PE,0,0,613.5
2024-04-26,18500.0,2024-12-26,CE,1000,0,4819.5
2024-04-26,23850.0,2024-06-27,CE,2075,129,123.85
2024-04-26,23850.0,2024-05-16,CE,400,18,6.8
2024-04-26,21800.0,2024-05-02,CE,69375,1163,704.85
2024-04-26,21800.0,2024-05-30,PE,1363075,55627,93.85
2024-04-26,20050.0,2024-05-30,PE,98650,2432,6.95
2024-04-26,28000.0,2024-12-26,CE,8800,29,41.65
2024-04-26,28000.0,2026-12-31,CE,0,0,1842.15
2024-04-26,28000.0,2024-09-26,CE,0,0,16.6
2024-04-26,28000.0,2025-06-26,CE,0,0,386.15
2024-04-26,28000.0,2027-06-24,PE,0,0,2169.95
2024-04-26,20650.0,2024-05-16,CE,0,0,1850.8
2024-04-26,20650.0,2024-05-02,PE,43800,25587,1.25
2024-04-26,20650.0,2024-05-09,PE,100,0,0.15
2024-04-26,20550.0,2024-05-16,PE,0,0,0.75
2024-04-26,20550.0,2024-06-27,PE,0,0,24.3
2024-04-26,24250.0,2024-05-23,PE,0,0,1714.65
2024-04-26,20550.0,2024-05-23,PE,0,0,2.55
2024-04-26,24250.0,2024-05-09,PE,150,0,1769.75
2024-04-26,20550.0,2024-05-02,CE,3900,6,1893.75
2024-04-26,20550.0,2024-05-09,PE,0,0,0.1
2024-04-26,24250.0,2024-05-23,CE,50,10,10.75
2024-04-26,24250.0,2024-07-25,CE,0,0,182.25
2024-04-26,20550.0,2024-06-27,CE,0,0,2147.85
2024-04-26,20550.0,2024-05-30,PE,23900,354,12.55
2024-04-26,13000.0,2026-06-25,PE,200,0,0.4
2024-04-26,23650.0,2024-05-16,PE,0,0,1163.0
2024-04-26,23650.0,2024-05-23,PE,0,0,1154.1
2024-04-26,23650.0,2024-05-09,PE,500,0,1178.1
2024-04-26,23650.0,2024-05-09,CE,9250,1315,4.3
2024-04-26,23650.0,2024-05-30,PE,1150,0,1143.9
2024-04-26,13000.0,2026-12-31,PE,200,0,0.8
2024-04-26,13000.0,2025-12-24,PE,150,0,0.15
2024-04-26,23650.0,2024-07-25,PE,0,0,1131.2
2024-04-26,23650.0,2024-05-23,CE,0,0,47.05
2024-04-26,23650.0,2024-07-25,CE,0,0,323.6
2024-04-26,23650.0,2024-05-02,PE,350,12,1202.95
2024-04-26,23650.0,2024-06-27,PE,325,1,1134.3
2024-04-26,23650.0,2024-05-30,CE,32325,3383,24.65
2024-04-26,24050.0,2024-05-30,PE,750,0,1500.55
2024-04-26,24050.0,2024-05-16,PE,0,0,1544.5
2024-04-26,24050.0,2024-05-23,CE,6275,5,18.15
2024-04-26,24050.0,2024-06-27,CE,4000,165,91.0
2024-04-26,24050.0,2024-05-09,CE,2750,86,1.3
2024-04-26,24050.0,2024-05-23,PE,0,0,1523.1
2024-04-26,24050.0,2024-05-16,CE,50,2,7.15
2024-04-26,24050.0,2024-05-02,CE,60825,46139,0.85
2024-04-26,24050.0,2024-07-25,PE,0,0,1422.85
2024-04-26,16000.0,2024-09-26,CE,0,0,6902.8
2024-04-26,16000.0,2025-12-24,PE,2150,0,7.1
2024-04-26,16000.0,2028-06-29,PE,0,0,23.95
2024-04-26,16000.0,2025-06-26,CE,0,0,7731.2
2024-04-26,16000.0,2026-12-31,PE,2450,0,16.25
2024-04-26,16000.0,2026-06-25,PE,500,0,11.85
2024-04-26,16000.0,2026-12-31,CE,50,0,9284.9
2024-04-26,16000.0,2028-06-29,CE,0,0,10654.85
2024-04-26,16000.0,2025-12-24,CE,50,0,8258.55
2024-04-26,22300.0,2024-07-25,PE,0,0,404.75
2024-04-26,22300.0,2024-05-02,CE,542125,251604,254.0
2024-04-26,22450.0,2024-05-23,CE,1650,102,341.4
2024-04-26,22450.0,2024-06-27,CE,3050,75,663.85
2024-04-26,22450.0,2024-05-09,PE,52325,15024,162.15
2024-04-26,22300.0,2024-05-30,PE,718950,36777,216.0
2024-04-26,22450.0,2024-07-25,PE,0,0,464.15
2024-04-26,22450.0,2024-05-30,CE,69125,4195,383.7
2024-04-26,22100.0,2024-05-09,CE,24200,423,479.1
2024-04-26,22650.0,2024-05-30,CE,50550,5519,279.15
2024-04-26,22650.0,2024-05-16,CE,4200,378,190.95
2024-04-26,22650.0,2024-05-09,PE,64550,8836,260.35
2024-04-26,22650.0,2024-05-23,PE,0,0,409.1
2024-04-26,22650.0,2024-05-02,PE,265175,701008,216.7
2024-04-26,22650.0,2024-05-02,CE,2422350,1959235,63.0
2024-04-26,22650.0,2024-05-16,PE,1875,213,294.45
2024-04-26,27000.0,2024-06-27,CE,136725,2130,9.2
2024-04-26,27000.0,2024-12-26,PE,100,0,3461.85
2024-04-26,27000.0,2027-12-30,PE,0,0,1570.15
2024-04-26,27000.0,2025-03-27,CE,0,0,351.5
2024-04-26,27000.0,2024-06-27,PE,42850,117,4256.05
2024-04-26,27000.0,2028-12-28,PE,0,0,1261.55
2024-04-26,27000.0,2027-12-30,CE,0,0,3357.55
2024-04-26,27000.0,2026-12-31,CE,0,0,2203.5
2024-04-26,27000.0,2026-06-25,PE,0,0,2243.35
2024-04-26,27000.0,2027-06-24,CE,0,0,2757.7
2024-04-26,24100.0,2024-05-30,PE,1200,0,1546.85
2024-04-26,24100.0,2024-06-27,PE,775,1,1494.4
2024-04-26,21700.0,2024-07-25,PE,0,0,219.05
2024-04-26,21700.0,2024-05-23,PE,2350,98,58.65
2024-04-26,21700.0,2024-05-09,PE,359775,28139,21.7
2024-04-26,21700.0,2024-05-30,CE,94450,158,941.65
2024-04-26,21700.0,2024-05-02,CE,22075,265,804.55
2024-04-26,21700.0,2024-06-27,PE,80250,1011,218.45
2024-04-26,21700.0,2024-05-30,PE,822275,33436,80.25
2024-04-26,22700.0,2024-05-16,PE,4100,708,321.85
2024-04-26,22700.0,2024-06-27,CE,148400,2214,515.3
2024-04-26,22700.0,2024-05-02,PE,412925,703073,253.45
2024-04-26,20500.0,2024-05-23,CE,0,0,2028.7
2024-04-26,21450.0,2024-05-23,CE,0,0,1123.5
2024-04-26,20500.0,2024-06-27,PE,305300,5503,68.25
2024-04-26,21450.0,2024-05-16,PE,75,2,25.35
2024-04-26,21450.0,2024-07-25,CE,0,0,1516.9
2024-04-26,20500.0,2024-06-27,CE,3800,156,2182.4
2024-04-26,20500.0,2024-05-23,PE,0,0,2.15
2024-04-26,21450.0,2024-05-09,CE,200,0,1034.05
2024-04-26,20500.0,2024-05-09,PE,0,0,0.05
2024-04-26,21450.0,2024-05-02,CE,1500,6,995.7
2024-04-26,21450.0,2024-07-25,PE,0,0,163.8
2024-04-26,21450.0,2024-05-16,CE,0,0,1078.0
2024-04-26,21450.0,2024-06-27,PE,2775,113,171.45
2024-04-26,22900.0,2024-05-23,CE,2025,212,135.45
2024-04-26,22900.0,2024-05-16,CE,28975,1644,94.0
2024-04-26,22900.0,2024-05-02,CE,4872750,1693310,13.3
2024-04-26,22900.0,2024-05-30,PE,162575,7266,500.2
2024-04-26,22900.0,2024-05-30,CE,332500,22943,166.65
2024-04-26,22900.0,2024-06-27,PE,7150,88,640.45
2024-04-26,22900.0,2024-07-25,PE,0,0,674.75
2024-04-26,22750.0,2024-05-30,CE,89000,4952,231.15
2024-04-26,22750.0,2024-05-23,PE,0,0,466.9
2024-04-26,22750.0,2024-05-16,CE,7375,391,148.45
2024-04-26,20300.0,2024-05-02,PE,984850,111846,0.9
2024-04-26,20300.0,2024-05-30,CE,6550,6,2260.1
2024-04-26,20300.0,2024-05-16,PE,0,0,0.25
2024-04-26,18000.0,2027-06-24,PE,0,0,71.1
2024-04-26,18000.0,2025-12-24,CE,5650,0,6525.35
2024-04-26,18000.0,2025-12-24,PE,2600,0,45.0
2024-04-26,18000.0,2027-06-24,CE,0,0,8205.4
2024-04-26,18000.0,2026-12-31,CE,0,0,7691.1
2024-04-26,18000.0,2028-12-28,CE,0,0,9705.25
2024-04-26,23900.0,2024-06-27,CE,25925,339,114.0
2024-04-26,21200.0,2024-05-02,PE,1371325,279190,2.05
2024-04-26,23900.0,2024-05-09,PE,250,0,1422.7
2024-04-26,21200.0,2024-05-02,CE,2225,3,1244.65
2024-04-26,23900.0,2024-07-25,PE,0,0,1310.85
2024-04-26,21200.0,2024-05-16,CE,0,0,1312.75
2024-04-26,21200.0,2024-05-16,PE,0,0,11.1
2024-04-26,21200.0,2024-06-27,CE,500,0,1560.65
2024-04-26,21200.0,2024-05-30,CE,14250,92,1369.65
2024-04-26,23900.0,2024-05-16,CE,950,0,11.5
2024-04-26,21200.0,2024-05-30,PE,1135925,37313,34.4
2024-04-26,23900.0,2024-05-16,PE,0,0,1399.45
2024-04-26,24150.0,2024-05-23,CE,75,1,14.05
2024-04-26,24150.0,2024-05-02,PE,300,0,1702.1
2024-04-26,24150.0,2024-07-25,CE,0,0,201.5
2024-04-26,24150.0,2024-05-09,CE,4875,367,2.65
2024-04-26,24150.0,2024-05-30,CE,9050,308,10.8
2024-04-26,24150.0,2024-05-09,PE,150,0,1670.3
2024-04-26,22250.0,2024-05-16,CE,1325,51,436.9
2024-04-26,22250.0,2024-06-27,PE,3300,393,363.1
2024-04-26,22250.0,2024-05-23,PE,1250,54,169.05
2024-04-26,23000.0,2024-09-26,CE,144225,996,799.9
2024-04-26,23550.0,2024-05-23,CE,250,12,58.55
2024-04-26,23550.0,2024-05-09,CE,1675,359,4.85
2024-04-26,23000.0,2024-06-27,CE,1423000,13145,378.3
2024-04-26,23000.0,2024-09-26,PE,143275,1040,707.95
2024-04-26,18500.0,2024-06-27,CE,4025,0,4148.35
2024-04-26,23000.0,2024-05-23,PE,50,0,629.8
2024-04-26,23000.0,2025-03-27,PE,50,2,802.8
2024-04-26,23000.0,2024-05-16,PE,0,0,610.7
2024-04-26,23000.0,2028-12-28,PE,0,0,475.5
2024-04-26,23550.0,2024-06-27,CE,3850,275,189.0
2024-04-26,23550.0,2024-06-27,PE,3425,23,1032.55
2024-04-26,23000.0,2024-06-27,PE,705375,6256,695.45
2024-04-26,23000.0,2024-07-25,PE,8600,411,717.2
2024-04-26,23000.0,2025-06-26,PE,1000,0,794.05
2024-04-26,23000.0,2024-05-02,PE,345750,41346,515.05
2024-04-26,23850.0,2024-07-25,CE,0,0,269.15
2024-04-26,23850.0,2024-05-09,CE,2725,123,3.05
2024-04-26,23850.0,2024-05-23,CE,0,0,29.7
2024-04-26,23850.0,2024-05-09,PE,650,0,1373.45
2024-04-26,22200.0,2024-05-30,PE,861125,38751,184.85
2024-04-26,22200.0,2024-05-09,PE,230825,38398,83.7
2024-04-26,22750.0,2024-05-16,PE,675,130,348.6
2024-04-26,20250.0,2024-05-30,PE,42350,437,6.85
2024-04-26,20950.0,2024-07-25,PE,0,0,85.55
2024-04-26,20950.0,2024-05-16,CE,0,0,1555.05
2024-04-26,20950.0,2024-05-30,CE,750,0,1629.4
2024-04-26,20950.0,2024-05-23,PE,0,0,10.15
2024-04-26,23250.0,2024-05-30,CE,81525,4172,73.45
2024-04-26,23250.0,2024-05-23,CE,0,0,107.55
2024-04-26,23250.0,2024-06-27,PE,400,13,850.45
2024-04-26,23250.0,2024-05-09,CE,28150,6111,11.45
2024-04-26,23250.0,2024-05-23,PE,0,0,816.7
2024-04-26,23250.0,2024-07-25,CE,0,0,457.3
2024-04-26,22600.0,2024-05-30,PE,1447000,108430,341.4
2024-04-26,23250.0,2024-06-27,CE,1125,48,307.3
2024-04-26,22600.0,2024-07-25,CE,0,0,752.6
2024-04-26,23250.0,2024-05-09,PE,150,0,803.2
2024-04-26,23250.0,2024-05-30,PE,7100,12,753.4
2024-04-26,22600.0,2024-06-27,PE,52200,2505,495.7
2024-04-26,22600.0,2024-05-30,CE,1158100,109450,296.75
2024-04-26,23250.0,2024-05-02,CE,1657400,477056,2.4
2024-04-26,23250.0,2024-07-25,PE,0,0,872.0
2024-04-26,22600.0,2024-07-25,PE,0,0,528.95
2024-04-26,20900.0,2024-07-25,PE,0,0,79.75
2024-04-26,20900.0,2024-05-23,PE,0,0,8.65
2024-04-26,23050.0,2024-05-09,CE,105875,19270,28.45
2024-04-26,23050.0,2024-05-23,PE,0,0,665.35
2024-04-26,23050.0,2024-05-09,PE,100,0,630.85
2024-04-26,24400.0,2024-05-09,CE,20000,923,1.8
2024-04-26,25000.0,2026-12-31,PE,0,0,1211.35
2024-04-26,25000.0,2024-06-27,PE,558750,2072,2303.8
2024-04-26,25000.0,2025-06-26,PE,0,0,1686.7
2024-04-26,25000.0,2024-12-26,PE,83800,164,1723.4
2024-04-26,25000.0,2025-06-26,CE,100,0,1151.1
2024-04-26,25000.0,2025-12-24,PE,0,0,1506.55
2024-04-26,25000.0,2024-09-26,CE,136525,1096,147.6
2024-04-26,25000.0,2025-03-27,CE,0,0,834.4
2024-04-26,25000.0,2026-12-31,CE,0,0,3082.4
2024-04-26,25000.0,2027-06-24,PE,0,0,1096.8
2024-04-26,23700.0,2024-05-02,PE,200,0,1252.8
2024-04-26,23700.0,2024-05-23,PE,0,0,1198.85
2024-04-26,23700.0,2024-05-16,PE,0,0,1209.6
2024-04-26,23700.0,2024-05-09,PE,200,0,1226.6
2024-04-26,23700.0,2024-06-27,CE,77625,1365,151.7
2024-04-26,21500.0,2024-05-30,CE,295150,3403,1108.55
2024-04-26,21500.0,2024-05-09,PE,238325,26683,13.55
2024-04-26,16500.0,2025-12-24,PE,2600,0,11.9
2024-04-26,20000.0,2025-06-26,CE,0,0,4203.35
2024-04-26,24300.0,2024-05-16,CE,125,13,3.05
2024-04-26,24300.0,2024-05-30,PE,550,13,1734.7
2024-04-26,20850.0,2024-06-27,CE,350,0,1870.45
2024-04-26,20850.0,2024-07-25,PE,0,0,74.25
2024-04-26,20850.0,2024-05-30,PE,7600,324,20.25
2024-04-26,20850.0,2024-05-09,PE,8250,372,0.5
2024-04-26,23100.0,2024-07-25,CE,0,0,516.55
2024-04-26,23100.0,2024-06-27,PE,4150,117,745.6
2024-04-26,20750.0,2024-05-09,CE,250,0,1722.3
2024-04-26,20750.0,2024-05-30,PE,18600,428,16.6
2024-04-26,20750.0,2024-05-16,CE,0,0,1751.85
2024-04-26,20750.0,2024-05-16,PE,0,0,1.9
2024-04-26,20750.0,2024-05-23,CE,0,0,1783.15
2024-04-26,20750.0,2024-05-02,PE,34000,13046,1.45
2024-04-26,20750.0,2024-05-02,CE,4200,0,1694.0
2024-04-26,20750.0,2024-06-27,CE,300,0,1961.9
2024-04-26,20750.0,2024-05-23,PE,0,0,5.25
2024-04-26,20750.0,2024-05-30,CE,450,0,1820.7
2024-04-26,23300.0,2024-05-23,PE,0,0,856.5
2024-04-26,23300.0,2024-07-25,CE,0,0,438.65
2024-04-26,23300.0,2024-05-02,CE,4004575,863351,1.95
2024-04-26,23300.0,2024-05-23,CE,1775,81,43.35
2024-04-26,23300.0,2024-05-02,PE,5175,145,802.45
2024-04-26,23300.0,2024-05-09,PE,175,6,848.25
2024-04-26,23300.0,2024-07-25,PE,0,0,902.5
2024-04-26,23300.0,2024-05-30,PE,22975,132,796.0
2024-04-26,23300.0,2024-06-27,PE,11550,319,868.25
2024-04-26,22850.0,2024-05-30,CE,47475,3371,188.05
2024-04-26,22850.0,2024-07-25,PE,0,0,648.9
2024-04-26,18000.0,2024-06-27,CE,524925,1736,4588.4
2024-04-26,18000.0,2025-06-26,CE,2250,0,5919.85
2024-04-26,18000.0,2027-12-30,PE,10500,0,73.6
2024-04-26,18000.0,2026-06-25,CE,200,0,7111.7
2024-04-26,18000.0,2028-06-29,PE,0,0,74.15
2024-04-26,24150.0,2024-07-25,PE,0,0,1500.15
2024-04-26,23350.0,2024-05-09,PE,150,0,893.95
2024-04-26,23350.0,2024-05-02,PE,2900,54,833.85
2024-04-26,23350.0,2024-05-02,CE,941500,363435,1.8
2024-04-26,23350.0,2024-05-09,CE,29875,8370,8.05
2024-04-26,23350.0,2024-05-23,PE,0,0,897.1
2024-04-26,26000.0,2026-12-31,CE,0,0,2616.35
2024-04-26,26000.0,2025-03-27,CE,0,0,550.7
2024-04-26,26000.0,2024-12-26,PE,72550,84,2646.9
2024-04-26,26000.0,2025-06-26,PE,0,0,2273.5
2024-04-26,26000.0,2025-12-24,CE,50,0,1391.45
2024-04-26,26000.0,2028-06-29,PE,0,0,1132.1
2024-04-26,26000.0,2027-12-30,CE,0,0,3809.65
2024-04-26,26000.0,2028-12-28,PE,0,0,1019.95
2024-04-26,26000.0,2024-06-27,PE,118375,3576,3271.2
2024-04-26,26000.0,2024-09-26,CE,29150,169,53.7
2024-04-26,20750.0,2024-05-09,PE,2725,185,4.7
2024-04-26,20750.0,2024-06-27,PE,4150,0,35.9
2024-04-26,21650.0,2024-05-09,PE,29025,7173,18.5
2024-04-26,22950.0,2024-05-23,PE,0,0,595.2
2024-04-26,22950.0,2024-05-30,PE,34825,287,534.7
2024-04-26,22950.0,2024-05-23,CE,0,0,184.55
2024-04-26,24000.0,2026-12-31,PE,0,0,909.4
2024-04-26,24000.0,2024-09-26,CE,150050,1092,394.45
2024-04-26,22000.0,2024-09-26,PE,377200,1185,379.75
2024-04-26,24000.0,2025-12-24,CE,950,0,2261.05
2024-04-26,24000.0,2024-05-23,PE,0,0,1475.8
2024-04-26,24000.0,2028-06-29,PE,0,0,689.65
2024-04-26,21800.0,2024-06-27,PE,82800,1163,237.95
2024-04-26,21800.0,2024-05-23,CE,0,0,828.0
2024-04-26,20050.0,2024-05-30,CE,31550,68,2507.0
2024-04-26,28000.0,2026-06-25,CE,0,0,1295.55
2024-04-26,28000.0,2026-12-31,PE,0,0,2436.95
2024-04-26,21600.0,2024-05-09,PE,208550,24171,16.3
2024-04-26,20900.0,2024-05-30,CE,12950,0,1676.9
2024-04-26,22700.0,2024-05-23,CE,8325,293,202.1
2024-04-26,22700.0,2024-07-25,CE,75,3,700.6
2024-04-26,22700.0,2024-05-16,CE,22625,1420,166.45
2024-04-26,24400.0,2024-06-27,CE,31700,620,51.55
2024-04-26,24400.0,2024-05-16,PE,0,0,1888.1
2024-04-26,24450.0,2024-05-16,CE,7400,372,2.85
2024-04-26,15000.0,2026-12-31,PE,2200,0,6.85
2024-04-26,15000.0,2024-12-26,CE,2550,0,8135.4
2024-04-26,15000.0,2026-06-25,PE,850,0,4.45
2024-04-26,24150.0,2024-05-30,PE,400,0,1593.4
2024-04-26,24150.0,2024-05-16,CE,25,1,5.15
2024-04-26,24450.0,2024-06-27,PE,50,0,1797.55
2024-04-26,24450.0,2024-05-02,PE,350,0,2001.75
2024-04-26,20600.0,2024-05-16,CE,0,0,1900.35
2024-04-26,20600.0,2024-06-27,PE,342825,1330,73.75
2024-04-26,22500.0,2024-07-25,PE,12450,768,483.0
2024-04-26,22500.0,2024-07-25,CE,4375,244,782.3
2024-04-26,23500.0,2024-05-09,CE,235650,21471,4.95
2024-04-26,22500.0,2024-05-02,PE,4019000,5353776,132.2
2024-04-26,23500.0,2024-07-25,CE,1425,103,318.05
2024-04-26,17000.0,2028-12-28,PE,0,0,44.15
2024-04-26,23800.0,2024-05-09,CE,57050,6245,3.15
2024-04-26,17000.0,2026-12-31,PE,3000,0,34.35
2024-04-26,17000.0,2027-12-30,CE,0,0,9471.0
2024-04-26,17000.0,2025-06-26,PE,0,0,9.65
2024-04-26,23800.0,2024-07-25,PE,0,0,1236.95
2024-04-26,17000.0,2025-03-27,PE,0,0,5.25
2024-04-26,23800.0,2024-05-02,PE,325,6,1352.6
2024-04-26,23800.0,2024-05-30,CE,422475,26188,17.0
2024-04-26,24200.0,2024-07-25,PE,0,0,1539.45
2024-04-26,24200.0,2024-05-02,CE,99400,50307,0.85
2024-04-26,22850.0,2024-05-09,PE,1550,315,394.15
2024-04-26,24000.0,2027-06-24,PE,0,0,833.3
2024-04-26,24000.0,2024-05-02,PE,26475,937,1512.4
2024-04-26,22000.0,2024-07-25,PE,33150,1562,329.2
2024-04-26,22000.0,2025-06-26,PE,600,0,495.05
2024-04-26,22000.0,2025-12-24,CE,2425,2,3438.0
2024-04-26,24000.0,2024-05-23,CE,8500,322,10.4
2024-04-26,24000.0,2024-07-25,PE,0,0,1384.85
2024-04-26,22000.0,2025-06-26,CE,0,0,2714.15
2024-04-26,24000.0,2028-12-28,CE,0,0,5996.7
2024-04-26,22000.0,2024-06-27,CE,1166625,2724,954.65
2024-04-26,24000.0,2024-05-16,CE,29675,1636,5.15
2024-04-26,20300.0,2024-05-09,PE,7000,487,2.35
2024-04-26,20300.0,2024-06-27,CE,50,0,2384.85
2024-04-26,20300.0,2024-05-02,CE,2900,72,2146.0
2024-04-26,20300.0,2024-05-23,CE,0,0,2226.5
2024-04-26,20300.0,2024-06-27,PE,300,0,14.4
2024-04-26,20300.0,2024-05-30,PE,183325,3015,8.25
2024-04-26,20300.0,2024-05-09,CE,300,0,2170.9
2024-04-26,20300.0,2024-05-16,CE,0,0,2198.45
2024-04-26,20300.0,2024-05-23,PE,0,0,0.95
2024-04-26,18000.0,2027-12-30,CE,0,0,8738.55
2024-04-26,18000.0,2024-09-26,PE,0,0,2.05
2024-04-26,20850.0,2024-05-16,CE,0,0,1653.25
2024-04-26,23100.0,2024-07-25,PE,0,0,783.95
2024-04-26,19000.0,2024-09-26,PE,16775,82,44.55
2024-04-26,19000.0,2026-12-31,PE,2400,0,118.3
2024-04-26,19000.0,2025-06-26,CE,0,0,5042.45
2024-04-26,19000.0,2025-12-24,PE,3250,0,94.05
2024-04-26,19000.0,2026-12-31,CE,200,0,6921.05
2024-04-26,19000.0,2024-12-26,PE,459975,242,76.55
2024-04-26,19000.0,2026-06-25,CE,100,0,6310.0
2024-04-26,24300.0,2024-05-30,CE,200100,17895,8.8
2024-04-26,24300.0,2024-05-23,PE,0,0,1763.05
2024-04-26,24300.0,2024-07-25,CE,550,53,173.15
2024-04-26,24300.0,2024-05-16,PE,0,0,1789.4
2024-04-26,20850.0,2024-05-16,PE,0,0,2.9
2024-04-26,23100.0,2024-05-30,PE,38075,1318,629.85
2024-04-26,23000.0,2026-06-25,PE,150,0,713.25
2024-04-26,23000.0,2024-05-02,CE,5981250,2003456,7.55
2024-04-26,23000.0,2028-06-29,CE,0,0,5991.35
2024-04-26,23850.0,2024-07-25,PE,0,0,1273.15
2024-04-26,23850.0,2024-05-16,PE,0,0,1351.55
2024-04-26,23850.0,2024-05-23,PE,0,0,1335.7
2024-04-26,23850.0,2024-06-27,PE,300,0,1289.65
2024-04-26,20100.0,2024-05-30,PE,839100,8630,7.2
2024-04-26,24300.0,2024-05-02,CE,282875,25629,0.8
2024-04-26,24300.0,2024-05-02,PE,150,0,1851.95
2024-04-26,21750.0,2024-06-27,PE,4425,158,229.8
2024-04-26,23150.0,2024-05-16,CE,4275,239,40.2
2024-04-26,22900.0,2024-05-16,PE,0,0,538.55
2024-04-26,22900.0,2024-05-02,PE,143000,77277,423.65
2024-04-26,22900.0,2024-07-25,CE,75,3,603.75
2024-04-26,22900.0,2024-06-27,CE,22500,530,417.95
2024-04-26,20800.0,2024-07-25,CE,0,0,2060.55
2024-04-26,20800.0,2024-05-02,CE,6750,3,1644.05
2024-04-26,20800.0,2024-05-23,PE,0,0,6.25
2024-04-26,22000.0,2028-12-28,CE,0,0,7141.1
2024-04-26,22000.0,2024-05-23,CE,2800,4,676.2
2024-04-26,21750.0,2024-05-30,CE,8100,84,900.0
2024-04-26,21750.0,2024-07-25,PE,0,0,232.35
2024-04-26,21750.0,2024-05-16,PE,300,24,59.9
2024-04-26,21750.0,2024-05-09,CE,550,6,757.35
2024-04-26,23150.0,2024-05-09,CE,56150,11130,18.15
2024-04-26,23150.0,2024-05-09,PE,450,2,715.3
2024-04-26,23500.0,2024-05-30,CE,1968650,87236,37.55
2024-04-26,20600.0,2024-05-02,CE,800,0,1843.85
2024-04-26,22500.0,2024-05-16,PE,100750,5916,225.3
2024-04-26,22500.0,2024-05-02,CE,6015625,3547790,125.75
2024-04-26,20850.0,2024-05-02,PE,158125,60021,1.65
2024-04-26,20850.0,2024-05-23,PE,0,0,7.35
2024-04-26,24350.0,2024-05-30,CE,2875,211,7.8
2024-04-26,24350.0,2024-05-09,CE,2525,68,1.85
2024-04-26,24350.0,2024-05-02,PE,50,0,1901.85
2024-04-26,23100.0,2024-05-16,CE,13225,1023,48.05
2024-04-26,23600.0,2024-05-02,CE,771375,339183,1.3
2024-04-26,23600.0,2024-05-09,CE,99625,7899,4.45
2024-04-26,22800.0,2024-05-16,PE,1525,189,395.2
2024-04-26,22550.0,2024-05-02,PE,863475,2559211,158.25
2024-04-26,22550.0,2024-06-27,CE,9275,299,601.95
2024-04-26,22800.0,2024-06-27,CE,73850,1420,464.55
2024-04-26,22550.0,2024-05-02,CE,2513325,2437106,102.25
2024-04-26,22800.0,2024-05-30,CE,753575,45906,207.6
2024-04-26,22800.0,2024-05-02,CE,4214425,2343358,25.85
2024-04-26,22550.0,2024-05-16,PE,1975,375,246.05
2024-04-26,22800.0,2024-05-09,CE,274825,58316,78.1
2024-04-26,23450.0,2024-06-27,CE,3175,38,226.25
2024-04-26,23450.0,2024-05-02,CE,920575,238429,1.4
2024-04-26,23450.0,2024-06-27,PE,725,3,987.45
2024-04-26,23450.0,2024-05-30,PE,1450,12,977.4
2024-04-26,20350.0,2024-05-02,CE,450,0,2093.55
2024-04-26,23200.0,2024-05-23,PE,0,0,777.65
2024-04-26,23200.0,2024-05-02,PE,20900,540,707.3
2024-04-26,23200.0,2024-05-16,CE,57825,3633,32.55
2024-04-26,23200.0,2024-07-25,CE,0,0,476.45
2024-04-26,23200.0,2024-05-16,PE,0,0,767.25
2024-04-26,21850.0,2024-05-16,PE,1725,115,57.7
2024-04-26,20900.0,2024-06-27,CE,950,1,1825.2
2024-04-26,20900.0,2024-05-16,CE,0,0,1604.1
2024-04-26,21100.0,2024-05-09,CE,550,0,1374.85
2024-04-26,21100.0,2024-05-02,PE,282975,151586,1.85
2024-04-26,21100.0,2024-05-30,CE,9675,35,1488.7
2024-04-26,21950.0,2024-05-09,PE,58075,12887,41.15
2024-04-26,21950.0,2024-05-09,CE,1500,0,588.4
2024-04-26,21950.0,2024-05-23,CE,0,0,713.75
2024-04-26,22350.0,2024-06-27,CE,3075,17,729.65
2024-04-26,22350.0,2024-07-25,CE,0,0,893.15
2024-04-26,21950.0,2024-05-30,CE,8525,25,760.55
2024-04-26,21950.0,2024-06-27,PE,2850,37,286.0
2024-04-26,21950.0,2024-05-16,CE,1150,0,653.2
2024-04-26,22350.0,2024-05-16,CE,1825,131,355.5
2024-04-26,22350.0,2024-05-16,PE,4550,189,172.4
2024-04-26,22350.0,2024-05-30,PE,38525,2496,232.75
2024-04-26,21950.0,2024-07-25,CE,0,0,1148.65
2024-04-26,22350.0,2024-05-30,CE,33150,896,442.05
2024-04-26,22400.0,2024-06-27,PE,83625,2138,413.3
2024-04-26,22400.0,2024-05-02,CE,2154700,1153066,185.3
2024-04-26,22400.0,2024-07-25,PE,75,7,457.5
2024-04-26,24200.0,2024-05-30,CE,255525,17247,9.5
2024-04-26,24200.0,2024-05-16,PE,0,0,1691.1
2024-04-26,20000.0,2025-06-26,PE,457050,0,147.85
2024-04-26,23650.0,2024-05-16,CE,775,39,9.5
2024-04-26,23650.0,2024-05-02,CE,160100,108525,1.25
2024-04-26,23650.0,2024-06-27,CE,2350,95,164.0
2024-04-26,25000.0,2026-06-25,PE,0,0,1351.3
2024-04-26,25000.0,2026-06-25,CE,0,0,2429.65
2024-04-26,21550.0,2024-05-23,CE,0,0,1035.75
2024-04-26,21550.0,2024-06-27,CE,150,0,1271.2
2024-04-26,24450.0,2024-05-09,CE,2675,116,1.85
2024-04-26,15000.0,2024-06-27,CE,401850,68,7529.8
2024-04-26,15000.0,2025-12-24,PE,1100,0,2.25
2024-04-26,22850.0,2024-05-16,CE,425,17,114.0
2024-04-26,23400.0,2024-06-27,CE,36200,535,231.55
2024-04-26,23400.0,2024-05-23,CE,0,0,80.05
2024-04-26,20650.0,2024-05-16,PE,0,0,1.2
2024-04-26,20000.0,2028-06-29,CE,0,0,7866.2
2024-04-26,20000.0,2027-06-24,PE,0,0,195.6
2024-04-26,20000.0,2028-12-28,PE,850,2,435.0
2024-04-26,22150.0,2024-05-09,PE,35450,11399,71.9
2024-04-26,22150.0,2024-05-16,CE,850,0,509.05
2024-04-26,22150.0,2024-06-27,CE,900,2,838.85
2024-04-26,22150.0,2024-05-30,PE,41350,3014,167.9
2024-04-26,20350.0,2024-05-30,CE,450,0,2210.9
2024-04-26,20350.0,2024-05-09,PE,6100,404,2.25
2024-04-26,20350.0,2024-05-23,PE,0,0,1.2
2024-04-26,20350.0,2024-05-09,CE,300,0,2121.0
2024-04-26,23600.0,2024-05-02,PE,2475,85,1104.9
2024-04-26,23600.0,2024-07-25,PE,0,0,1096.95
2024-04-26,23450.0,2024-05-09,CE,21075,3247,5.75
2024-04-26,24100.0,2024-05-23,PE,0,0,1570.65
2024-04-26,22200.0,2024-05-23,PE,12450,554,158.5
2024-04-26,22200.0,2024-05-23,CE,7525,15,496.35
2024-04-26,20850.0,2024-05-02,CE,2200,2,1594.1
2024-04-26,20850.0,2024-05-30,CE,400,0,1724.6
2024-04-26,20850.0,2024-05-23,CE,0,0,1685.75
2024-04-26,20850.0,2024-05-09,CE,500,0,1622.75
2024-04-26,20850.0,2024-07-25,CE,0,0,2016.65
2024-04-26,24350.0,2024-06-27,CE,3750,61,55.2
2024-04-26,24350.0,2024-05-02,CE,142700,12228,0.8
2024-04-26,24350.0,2024-05-16,CE,150,4,5.3
2024-04-26,24350.0,2024-06-27,PE,150,0,1709.2
2024-04-26,24350.0,2024-05-16,PE,0,0,1838.75
2024-04-26,24350.0,2024-05-30,PE,50,0,1782.3
2024-04-26,24350.0,2024-05-09,PE,300,0,1869.3
2024-04-26,23100.0,2024-05-09,PE,1550,190,589.65
2024-04-26,23100.0,2024-05-23,PE,0,0,701.85
2024-04-26,23100.0,2024-05-02,CE,3192150,1362330,4.2
2024-04-26,23100.0,2024-05-23,CE,100,0,141.95
2024-04-26,23100.0,2024-05-30,CE,698125,24711,105.05
2024-04-26,21400.0,2024-06-27,PE,115425,872,160.5
2024-04-26,21400.0,2024-05-16,PE,14950,582,20.6
2024-04-26,21400.0,2024-05-30,CE,25750,25,1212.6
2024-04-26,22000.0,2024-05-23,PE,31250,1748,107.55
2024-04-26,22000.0,2024-05-02,PE,4321550,1229515,16.6
2024-04-26,22000.0,2028-06-29,CE,0,0,6588.75
2024-04-26,22750.0,2024-05-02,PE,162725,132293,290.15
2024-04-26,22200.0,2024-06-27,CE,30250,159,815.65
2024-04-26,23950.0,2024-05-09,CE,1825,62,2.55
2024-04-26,21800.0,2024-05-09,PE,361225,32379,27.15
2024-04-26,21800.0,2024-07-25,PE,1125,45,272.35
2024-04-26,21800.0,2024-05-09,CE,5600,73,760.65
2024-04-26,20450.0,2024-06-27,CE,300,0,2242.1
2024-04-26,20450.0,2024-05-23,CE,0,0,2078.1
2024-04-26,21600.0,2024-05-09,CE,925,17,893.05
2024-04-26,21600.0,2024-05-30,CE,80450,434,1033.45
2024-04-26,21600.0,2024-06-27,CE,1500,5,1261.0
2024-04-26,21600.0,2024-05-23,PE,475,27,50.45
2024-04-26,21000.0,2025-12-24,CE,100,0,4133.0
2024-04-26,21000.0,2024-07-25,CE,0,0,1886.75
2024-04-26,21000.0,2028-06-29,CE,0,0,7214.75
2024-04-26,21000.0,2024-05-02,CE,68700,174,1497.8
2024-04-26,23500.0,2024-05-30,PE,281800,1753,959.25
2024-04-26,20600.0,2024-05-02,PE,296925,50181,1.3
2024-04-26,20600.0,2024-05-30,CE,8400,24,1966.1
2024-04-26,22500.0,2024-05-30,CE,2570025,140412,352.0
2024-04-26,23500.0,2024-05-23,CE,18725,898,23.8
2024-04-26,23500.0,2024-05-23,PE,50,6,1022.9
2024-04-26,17000.0,2025-06-26,CE,2800,0,6819.85
2024-04-26,17000.0,2026-06-25,PE,0,0,27.65
2024-04-26,23800.0,2024-05-09,PE,850,7,1324.3
2024-04-26,17000.0,2025-12-24,PE,2200,0,19.15
2024-04-26,23800.0,2024-05-23,CE,350,16,13.5
2024-04-26,17000.0,2027-06-24,PE,0,0,38.8
2024-04-26,23800.0,2024-07-25,CE,0,0,282.0
2024-04-26,20800.0,2024-05-09,CE,500,0,1672.5
2024-04-26,23050.0,2024-05-30,CE,53175,3066,120.5
2024-04-26,23050.0,2024-05-16,PE,0,0,648.5
2024-04-26,23050.0,2024-05-02,PE,10300,1024,552.65
2024-04-26,23050.0,2024-05-16,CE,1700,84,55.25
2024-04-26,23050.0,2024-05-02,CE,1526200,877380,5.45
2024-04-26,28000.0,2025-03-27,CE,0,0,216.75
2024-04-26,28000.0,2024-09-26,PE,0,0,4751.7
2024-04-26,28000.0,2028-06-29,PE,0,0,1716.45
2024-04-26,20450.0,2024-06-27,PE,0,0,19.8
2024-04-26,20450.0,2024-05-02,PE,26425,14628,1.1
2024-04-26,20450.0,2024-05-09,PE,0,0,0.05
2024-04-26,20450.0,2024-05-30,CE,350,0,2112.7
2024-04-26,20450.0,2024-05-02,CE,450,0,1993.65
2024-04-26,20450.0,2024-05-23,PE,0,0,1.75
2024-04-26,21600.0,2024-05-02,PE,1929575,347629,3.75
2024-04-26,21600.0,2024-05-02,CE,17025,505,896.55
2024-04-26,21600.0,2024-06-27,PE,66450,831,198.85
2024-04-26,12000.0,2026-12-31,PE,600,0,0.25
2024-04-26,12000.0,2026-06-25,CE,50,0,12176.05
2024-04-26,12000.0,2026-06-25,PE,500,0,0.1
2024-04-26,28000.0,2027-12-30,CE,0,0,2945.8
2024-04-26,28000.0,2028-12-28,PE,0,0,1536.3
2024-04-26,28000.0,2025-03-27,PE,0,0,3979.85
2024-04-26,28000.0,2024-12-26,PE,0,0,4333.6
2024-04-26,28000.0,2028-12-28,CE,0,0,4063.85
2024-04-26,28000.0,2027-12-30,PE,0,0,1922.55
2024-04-26,28000.0,2025-06-26,PE,0,0,3676.4
2024-04-26,28000.0,2028-06-29,CE,0,0,3505.55
2024-04-26,22950.0,2024-06-27,PE,100,0,664.7
2024-04-26,24000.0,2024-05-02,CE,2400025,673742,0.9
2024-04-26,24000.0,2027-12-30,CE,0,0,4836.8
2024-04-26,24000.0,2028-06-29,CE,0,0,5426.0
2024-04-26,22000.0,2025-12-24,PE,4500,15,642.5
2024-04-26,24000.0,2024-06-27,PE,515200,2394,1408.1
2024-04-26,24000.0,2024-12-26,CE,279350,1192,691.7
2024-04-26,24000.0,2027-06-24,CE,0,0,4205.7
2024-04-26,22000.0,2024-12-26,CE,310975,855,1859.55
2024-04-26,18000.0,2025-03-27,PE,0,0,18.15
2024-04-26,18000.0,2024-06-27,PE,756050,1367,14.0
2024-04-26,20100.0,2024-05-30,CE,255125,208,2455.15
2024-04-26,24300.0,2024-05-09,CE,9800,309,1.95
2024-04-26,20900.0,2024-05-09,CE,250,0,1573.05
2024-04-26,20900.0,2024-05-23,CE,0,0,1637.3
2024-04-26,20900.0,2024-05-09,PE,21475,1785,4.5
2024-04-26,24000.0,2024-07-25,CE,4150,358,173.15
2024-04-26,24000.0,2024-05-09,PE,600,2,1521.5
2024-04-26,24000.0,2024-05-16,PE,0,0,1495.95
2024-04-26,22000.0,2024-07-25,CE,2450,107,1132.3
2024-04-26,22000.0,2024-06-27,PE,2570300,21643,292.65
2024-04-26,24000.0,2027-12-30,PE,50,0,756.9
2024-04-26,22000.0,2028-06-29,PE,0,0,378.7
2024-04-26,20800.0,2024-05-16,CE,50,0,1702.5
2024-04-26,20800.0,2024-06-27,PE,275075,1993,87.55
2024-04-26,20800.0,2024-05-09,PE,10050,1585,3.95
2024-04-26,20800.0,2024-05-02,PE,448125,138367,1.5
2024-04-26,20800.0,2024-05-30,PE,235050,15900,18.25
2024-04-26,20800.0,2024-05-16,PE,0,0,2.35
2024-04-26,23050.0,2024-05-30,PE,18250,250,608.35
2024-04-26,23050.0,2024-05-23,CE,800,64,89.1
2024-04-26,23050.0,2024-06-27,CE,2350,21,355.1
2024-04-26,21600.0,2024-05-16,PE,20850,1461,32.45
2024-04-26,21400.0,2024-05-23,PE,275,2,36.95
2024-04-26,21400.0,2024-07-25,CE,0,0,1556.35
2024-04-26,21300.0,2024-05-30,PE,546500,23381,40.95
2024-04-26,21300.0,2024-05-23,CE,0,0,1259.1
2024-04-26,21300.0,2024-05-02,PE,990450,273454,2.2
2024-04-26,21300.0,2024-05-02,CE,8000,14,1199.0
2024-04-26,21300.0,2024-05-09,PE,131500,15616,9.25
2024-04-26,21300.0,2024-07-25,CE,0,0,1636.55
2024-04-26,21300.0,2024-05-23,PE,700,18,28.35
2024-04-26,21300.0,2024-06-27,PE,137600,2017,144.6
2024-04-26,21250.0,2024-05-09,CE,650,0,1227.45
2024-04-26,21250.0,2024-05-02,CE,5100,4,1253.35
2024-04-26,21250.0,2024-06-27,PE,2650,54,142.1
2024-04-26,21250.0,2024-05-16,CE,0,0,1265.05
2024-04-26,21250.0,2024-07-25,PE,0,0,127.75
2024-04-26,21250.0,2024-05-16,PE,1650,60,15.4
2024-04-26,21250.0,2024-06-27,CE,300,0,1517.9
2024-04-26,21250.0,2024-05-30,CE,1225,4,1351.0
2024-04-26,24200.0,2024-07-25,CE,0,0,191.7
2024-04-26,22850.0,2024-07-25,CE,0,0,627.05
2024-04-26,20000.0,2028-06-29,PE,0,0,182.6
2024-04-26,21350.0,2024-05-16,CE,0,0,1170.7
2024-04-26,21350.0,2024-07-25,PE,0,0,144.9
2024-04-26,21350.0,2024-05-23,CE,0,0,1213.4
2024-04-26,21350.0,2024-07-25,CE,0,0,1596.25
2024-04-26,21350.0,2024-05-30,CE,550,0,1261.3
2024-04-26,21350.0,2024-05-02,PE,403975,108345,2.4
2024-04-26,21600.0,2024-05-16,CE,200,4,942.9
2024-04-26,22750.0,2024-05-02,CE,1704075,1229419,35.65
2024-04-26,23950.0,2024-07-25,CE,0,0,245.85
2024-04-26,23950.0,2024-05-30,PE,300,2,1409.0
2024-04-26,23950.0,2024-05-02,PE,150,0,1502.35
2024-04-26,23950.0,2024-05-09,PE,350,0,1472.05
2024-04-26,21800.0,2024-05-02,PE,3202750,671355,7.05
2024-04-26,21800.0,2024-07-25,CE,0,0,1254.65
2024-04-26,22400.0,2024-05-30,PE,792625,50922,249.5
2024-04-26,22400.0,2024-05-09,PE,341000,51010,142.85
2024-04-26,22400.0,2024-05-23,CE,11200,404,361.2
2024-04-26,22400.0,2024-06-27,CE,63000,959,686.8
2024-04-26,20400.0,2024-05-30,PE,116225,4816,9.7
2024-04-26,20400.0,2024-06-27,PE,0,0,17.85
2024-04-26,20400.0,2024-05-23,PE,0,0,1.45
2024-04-26,20400.0,2024-06-27,CE,250,0,2289.55
2024-04-26,20400.0,2024-05-09,PE,0,0,0.05
2024-04-26,20400.0,2024-05-30,CE,14500,4,2161.75
2024-04-26,20400.0,2024-05-02,CE,450,0,2043.6
2024-04-26,22250.0,2024-06-27,CE,2150,0,776.05
2024-04-26,22250.0,2024-05-02,PE,1038475,851615,49.3
2024-04-26,22250.0,2024-05-23,CE,300,1,508.5
2024-04-26,22250.0,2024-07-25,PE,0,0,386.15
2024-04-26,22250.0,2024-05-16,PE,6725,189,140.15
2024-04-26,22750.0,2024-05-09,PE,9175,2684,319.05
2024-04-26,22200.0,2024-07-25,PE,25,1,368.15
2024-04-26,23950.0,2024-05-23,PE,0,0,1428.8
2024-04-26,23950.0,2024-05-16,CE,450,14,9.85
2024-04-26,21800.0,2024-05-16,CE,500,0,772.2
2024-04-26,21700.0,2024-05-02,PE,3428900,636232,4.8
2024-04-26,21700.0,2024-05-16,PE,21100,1369,41.4
2024-04-26,22750.0,2024-06-27,PE,3950,13,554.85
2024-04-26,21350.0,2024-05-02,CE,2100,0,1095.1
2024-04-26,21350.0,2024-05-30,PE,25525,1856,44.4
2024-04-26,21350.0,2024-05-09,CE,150,0,1130.15
2024-04-26,21350.0,2024-05-09,PE,10300,2357,10.0
2024-04-26,21350.0,2024-05-23,PE,0,0,32.4
2024-04-26,21350.0,2024-05-16,PE,0,0,18.45
2024-04-26,21350.0,2024-06-27,PE,2900,0,100.35
2024-04-26,21350.0,2024-06-27,CE,450,0,1433.75
2024-04-26,15000.0,2024-12-26,PE,28700,0,0.05
2024-04-26,15000.0,2025-06-26,PE,1800,0,0.65
2024-04-26,15000.0,2027-12-30,PE,350,0,10.75
2024-04-26,20650.0,2024-05-02,CE,350,0,1793.9
2024-04-26,20650.0,2024-05-09,CE,700,0,1821.9
2024-04-26,20650.0,2024-05-30,CE,950,0,1917.45
2024-04-26,21500.0,2024-05-23,PE,32950,1355,38.95
2024-04-26,23750.0,2024-05-16,PE,0,0,1256.6
2024-04-26,23750.0,2024-07-25,PE,0,0,1201.2
2024-04-26,23750.0,2024-05-09,CE,1850,16,4.05
2024-04-26,23750.0,2024-07-25,CE,0,0,295.4
2024-04-26,23750.0,2024-05-23,PE,0,0,1244.05
2024-04-26,23750.0,2024-06-27,CE,3575,127,144.0
2024-04-26,23750.0,2024-06-27,PE,500,11,1210.95
2024-04-26,20000.0,2025-03-27,PE,0,0,123.75
2024-04-26,20000.0,2024-06-27,PE,2020350,11818,45.0
2024-04-26,22100.0,2024-05-02,PE,1935825,936194,25.8
2024-04-26,22100.0,2024-05-30,PE,787675,54357,156.35
2024-04-26,21050.0,2024-07-25,CE,0,0,1844.15
2024-04-26,21050.0,2024-06-27,CE,250,0,1691.3
2024-04-26,21050.0,2024-05-23,PE,0,0,13.85
2024-04-26,23600.0,2024-05-30,CE,531350,34054,27.45
2024-04-26,23600.0,2024-05-16,PE,0,0,1116.8
2024-04-26,23600.0,2024-05-23,PE,0,0,1109.85
2024-04-26,22550.0,2024-05-09,CE,79125,20139,180.35
2024-04-26,21500.0,2024-05-16,PE,115825,5077,25.8
2024-04-26,21500.0,2024-05-02,CE,123800,1528,991.5
2024-04-26,21500.0,2024-07-25,CE,0,0,1477.9
2024-04-26,21500.0,2024-07-25,PE,16800,855,209.85
2024-04-26,20000.0,2027-06-24,CE,0,0,6742.6
2024-04-26,20000.0,2025-12-24,CE,425,1,4887.25
2024-04-26,16000.0,2027-12-30,CE,0,0,10215.45
2024-04-26,22450.0,2024-05-16,PE,3025,293,206.8
2024-04-26,22450.0,2024-05-09,CE,58875,10736,235.7
2024-04-26,22450.0,2024-05-02,CE,989425,1059642,154.8
2024-04-26,22300.0,2024-07-25,CE,0,0,923.05
2024-04-26,22450.0,2024-07-25,CE,0,0,835.15
2024-04-26,22450.0,2024-05-23,PE,1650,61,248.55
2024-04-26,24500.0,2024-05-09,CE,41075,1394,1.75
2024-04-26,22100.0,2024-05-09,PE,154900,23363,62.9
2024-04-26,22100.0,2024-06-27,CE,15300,95,879.25
2024-04-26,20000.0,2024-09-26,CE,0,0,3073.4
2024-04-26,20000.0,2026-12-31,CE,0,0,6177.9
2024-04-26,20000.0,2026-06-25,CE,0,0,5539.05
2024-04-26,20000.0,2024-09-26,PE,108825,571,87.5
2024-04-26,20000.0,2024-12-26,PE,578700,567,134.5
2024-04-26,23200.0,2024-05-09,CE,251425,37921,14.35
2024-04-26,23200.0,2024-05-30,CE,813125,45141,83.85
2024-04-26,23200.0,2024-05-30,PE,36800,663,711.25
2024-04-26,23200.0,2024-06-27,CE,58575,1104,297.25
2024-04-26,23200.0,2024-05-02,CE,4668400,955934,2.85
2024-04-26,23200.0,2024-05-23,CE,8750,909,57.25
2024-04-26,23200.0,2024-05-09,PE,100,0,758.85
2024-04-26,23200.0,2024-07-25,PE,0,0,842.1
2024-04-26,23200.0,2024-06-27,PE,10650,494,806.95
2024-04-26,21600.0,2024-05-23,CE,0,0,992.8
2024-04-26,21000.0,2024-05-30,CE,483675,1844,1563.95
2024-04-26,21000.0,2024-05-16,PE,39300,1584,9.95
2024-04-26,21000.0,2027-06-24,PE,200,0,298.9
2024-04-26,21000.0,2025-03-27,PE,0,0,258.1
2024-04-26,21000.0,2025-06-26,PE,550,0,283.75
2024-04-26,21000.0,2025-12-24,PE,2900,0,309.2
2024-04-26,21000.0,2026-06-25,PE,0,0,315.0
2024-04-26,21000.0,2024-07-25,PE,27650,1549,130.1
2024-04-26,21000.0,2024-12-26,PE,1123025,2686,231.3
2024-04-26,21300.0,2024-05-16,PE,9000,467,16.25
2024-04-26,21300.0,2024-05-16,CE,0,0,1217.7
2024-04-26,21300.0,2024-05-09,CE,475,1,1178.65
2024-04-26,21300.0,2024-07-25,PE,0,0,136.15
2024-04-26,21300.0,2024-06-27,CE,700,0,1475.6
2024-04-26,21300.0,2024-05-30,CE,11000,0,1305.9
2024-04-26,21250.0,2024-05-23,CE,0,0,1305.2
2024-04-26,21250.0,2024-07-25,CE,0,0,1677.3
2024-04-26,21250.0,2024-05-09,PE,4400,58,8.0
2024-04-26,21250.0,2024-05-02,PE,164700,80313,2.0
2024-04-26,23600.0,2024-05-09,PE,500,2,1129.8
2024-04-26,23600.0,2024-05-30,PE,7100,18,1101.4
2024-04-26,22550.0,2024-05-23,CE,2300,146,290.9
2024-04-26,22800.0,2024-05-02,PE,314925,225822,329.95
2024-04-26,22550.0,2024-07-25,PE,0,0,506.75
2024-04-26,22800.0,2024-07-25,CE,0,0,650.95
2024-04-26,22800.0,2024-05-16,CE,46925,1867,126.75
2024-04-26,22550.0,2024-05-30,CE,69925,8173,325.75
2024-04-26,21900.0,2024-05-23,PE,975,107,88.85
2024-04-26,21900.0,2024-05-30,CE,201725,1296,784.5
2024-04-26,21900.0,2024-05-02,PE,1897825,654117,10.5
2024-04-26,21900.0,2024-07-25,PE,1250,51,301.0
2024-04-26,23450.0,2024-05-23,PE,0,0,980.35
2024-04-26,21750.0,2024-07-25,CE,0,0,1290.85
2024-04-26,21750.0,2024-06-27,CE,450,0,1117.25
2024-04-26,23150.0,2024-06-27,CE,875,17,341.45
2024-04-26,23150.0,2024-06-27,PE,50,0,785.8
2024-04-26,23150.0,2024-05-02,PE,1300,89,650.0
2024-04-26,23150.0,2024-05-30,CE,82725,5330,94.3
2024-04-26,23150.0,2024-05-30,PE,11975,11,685.0
2024-04-26,23150.0,2024-07-25,CE,0,0,496.2
2024-04-26,20900.0,2024-05-16,PE,0,0,3.55
2024-04-26,20900.0,2024-06-27,PE,229775,1472,97.65
2024-04-26,22700.0,2024-05-23,PE,3450,158,373.5
2024-04-26,22700.0,2024-05-02,CE,4294725,2626395,47.75
2024-04-26,22700.0,2024-05-30,CE,947450,52143,251.0
2024-04-26,22700.0,2024-05-30,PE,1116275,41492,391.0
2024-04-26,22700.0,2024-05-09,PE,44325,13579,288.55
2024-04-26,22700.0,2024-07-25,PE,0,0,575.15
2024-04-26,22700.0,2024-06-27,PE,30700,866,536.7
2024-04-26,24400.0,2024-05-16,CE,825,1,2.15
2024-04-26,24400.0,2024-06-27,PE,50,0,1753.2
2024-04-26,24400.0,2024-05-30,PE,300,0,1830.05
2024-04-26,24400.0,2024-05-02,CE,999175,101774,0.8
2024-04-26,22950.0,2024-07-25,PE,0,0,701.15
2024-04-26,24200.0,2024-06-27,PE,1150,0,1579.25
2024-04-26,21650.0,2024-05-16,PE,3625,216,35.1
2024-04-26,21650.0,2024-06-27,CE,75,1,1193.1
2024-04-26,22950.0,2024-05-02,CE,2634750,1027428,9.85
2024-04-26,21650.0,2024-05-30,PE,34400,2125,73.4
2024-04-26,21650.0,2024-05-23,CE,0,0,950.5
2024-04-26,21650.0,2024-05-30,CE,7400,0,1004.75
2024-04-26,22050.0,2024-05-09,PE,66500,13030,54.2
2024-04-26,22000.0,2027-06-24,PE,0,0,436.7
2024-04-26,22000.0,2027-12-30,PE,0,0,407.25
2024-04-26,24000.0,2025-03-27,CE,0,0,1218.85
2024-04-26,24000.0,2025-06-26,PE,0,0,1191.55
2024-04-26,22000.0,2028-12-28,PE,0,0,350.9
2024-04-26,22000.0,2025-03-27,CE,0,0,2326.35
2024-04-26,24000.0,2028-12-28,PE,0,0,627.35
2024-04-26,24000.0,2024-06-27,CE,1739100,24066,101.7
2024-04-26,22000.0,2024-05-30,PE,3738900,139484,132.35
2024-04-26,24000.0,2024-05-09,CE,221850,12444,2.6
2024-04-26,20350.0,2024-05-16,PE,0,0,0.3
2024-04-26,20350.0,2024-05-23,CE,100,0,2177.0
2024-04-26,22650.0,2024-06-27,CE,7025,207,540.85
2024-04-26,22650.0,2024-07-25,PE,0,0,551.75
2024-04-26,22650.0,2024-05-23,CE,50,0,296.9
2024-04-26,22650.0,2024-07-25,CE,0,0,726.3
2024-04-26,22650.0,2024-05-30,PE,70100,5937,359.85
2024-04-26,27000.0,2025-12-24,CE,0,0,1065.9
2024-04-26,27000.0,2027-06-24,PE,0,0,1766.2
2024-04-26,27000.0,2026-12-31,PE,0,0,1976.35
2024-04-26,27000.0,2025-03-27,PE,0,0,3179.5
2024-04-26,27000.0,2028-12-28,CE,0,0,4499.55
2024-04-26,27000.0,2025-12-24,PE,0,0,2555.35
2024-04-26,27000.0,2028-06-29,CE,0,0,3931.8
2024-04-26,27000.0,2028-06-29,PE,0,0,1405.85
2024-04-26,27000.0,2024-12-26,CE,73100,213,74.8
2024-04-26,27000.0,2024-09-26,PE,0,0,3809.8
2024-04-26,27000.0,2025-06-26,PE,0,0,2942.25
2024-04-26,27000.0,2025-06-26,CE,0,0,570.2
2024-04-26,27000.0,2026-06-25,CE,0,0,1614.35
2024-04-26,27000.0,2024-09-26,CE,0,0,44.5
2024-04-26,24100.0,2024-05-16,PE,0,0,1593.2
2024-04-26,24100.0,2024-07-25,CE,0,0,211.75
2024-04-26,21700.0,2024-07-25,CE,0,0,1326.6
2024-04-26,21700.0,2024-05-16,CE,0,0,856.0
2024-04-26,21700.0,2024-05-09,CE,2800,7,824.95
2024-04-26,21700.0,2024-06-27,CE,4175,129,1185.8
2024-04-26,21700.0,2024-05-23,CE,0,0,908.9
2024-04-26,21850.0,2024-05-30,CE,13350,13,846.8
2024-04-26,21850.0,2024-05-09,PE,29900,7313,31.35
2024-04-26,21850.0,2024-05-23,CE,0,0,788.75
2024-04-26,21850.0,2024-05-02,PE,510425,272739,8.65
2024-04-26,21850.0,2024-05-30,PE,47675,2638,104.6
2024-04-26,21850.0,2024-05-02,CE,28500,52,643.05
2024-04-26,20250.0,2024-05-16,CE,0,0,2248.2
2024-04-26,20250.0,2024-06-27,CE,350,0,2432.75
2024-04-26,20950.0,2024-05-09,PE,1900,24,0.9
2024-04-26,20250.0,2024-05-30,CE,950,0,2309.4
2024-04-26,20950.0,2024-05-09,CE,300,0,1523.4
2024-04-26,20250.0,2024-05-16,PE,50,3,2.15
2024-04-26,20950.0,2024-05-23,CE,0,0,1589.1
2024-04-26,20950.0,2024-05-30,PE,16575,609,23.8
2024-04-26,20950.0,2024-05-02,CE,750,0,1494.25
2024-04-26,20250.0,2024-05-23,PE,0,0,0.8
2024-04-26,20950.0,2024-05-02,PE,101700,51495,1.6
2024-04-26,20250.0,2024-05-23,CE,0,0,2276.1
2024-04-26,20250.0,2024-06-27,PE,0,0,12.9
2024-04-26,20950.0,2024-06-27,CE,150,0,1780.2
2024-04-26,23700.0,2024-06-27,PE,2000,1,1172.4
2024-04-26,23700.0,2024-05-02,CE,699775,260247,1.1
2024-04-26,21500.0,2024-05-16,CE,50,0,1032.4
2024-04-26,21500.0,2024-06-27,PE,904225,12497,181.1
2024-04-26,23750.0,2024-05-02,PE,150,0,1302.7
2024-04-26,20000.0,2025-03-27,CE,0,0,3841.5
2024-04-26,20000.0,2027-12-30,CE,0,0,7326.75
2024-04-26,20000.0,2026-12-31,PE,5200,1,450.0
2024-04-26,20000.0,2025-12-24,PE,4700,0,177.95
2024-04-26,22750.0,2024-05-23,CE,875,39,187.55
2024-04-26,22200.0,2024-05-02,PE,3120000,1422200,39.5
2024-04-26,22200.0,2024-07-25,CE,0,0,984.65
2024-04-26,22200.0,2024-05-09,CE,84450,2713,405.0
2024-04-26,23950.0,2024-06-27,PE,400,5,1370.2
2024-04-26,23950.0,2024-05-02,CE,332350,81010,0.9
2024-04-26,23950.0,2024-05-16,PE,0,0,1447.55
2024-04-26,23950.0,2024-07-25,PE,0,0,1348.05
2024-04-26,23950.0,2024-05-30,CE,11875,1622,13.75
2024-04-26,21800.0,2024-06-27,CE,38500,126,1092.4
2024-04-26,21800.0,2024-05-23,PE,6900,194,71.3
2024-04-26,21800.0,2024-05-30,CE,258200,2169,865.5
2024-04-26,28000.0,2027-06-24,CE,0,0,2367.8
2024-04-26,28000.0,2025-12-24,CE,0,0,804.35
2024-04-26,28000.0,2026-06-25,PE,0,0,2778.25
2024-04-26,28000.0,2025-12-24,PE,0,0,3179.35
2024-04-26,20450.0,2024-05-16,CE,0,0,2049.3
2024-04-26,20450.0,2024-05-30,PE,5125,386,11.0
2024-04-26,22950.0,2024-05-09,PE,1775,206,483.05
2024-04-26,21650.0,2024-07-25,CE,0,0,1363.7
2024-04-26,21650.0,2024-06-27,PE,3550,7,156.0
2024-04-26,22950.0,2024-05-16,CE,3300,263,80.75
2024-04-26,22950.0,2024-05-30,CE,50600,3350,150.25
2024-04-26,22950.0,2024-05-09,CE,63225,13854,43.5
2024-04-26,21650.0,2024-05-02,PE,1234250,198148,4.1
2024-04-26,22050.0,2024-05-23,CE,0,0,640.6
2024-04-26,22050.0,2024-05-23,PE,50,0,155.95
2024-04-26,22050.0,2024-05-30,CE,28250,388,654.65
2024-04-26,22050.0,2024-05-09,CE,2700,77,519.7
2024-04-26,22050.0,2024-06-27,CE,700,2,904.4
2024-04-26,22050.0,2024-05-02,PE,656275,503714,20.7
2024-04-26,22050.0,2024-05-02,CE,42525,3911,466.5
2024-04-26,22050.0,2024-05-16,PE,425,8,95.05
2024-04-26,24300.0,2024-05-23,CE,1300,56,9.4
2024-04-26,20850.0,2024-06-27,PE,2700,0,43.2
2024-04-26,23250.0,2024-05-02,PE,950,12,807.65
2024-04-26,22600.0,2024-05-16,PE,19325,4813,275.8
2024-04-26,20150.0,2024-05-30,CE,450,0,2408.1
2024-04-26,22600.0,2024-05-09,PE,182225,57372,231.9
2024-04-26,23250.0,2024-05-16,PE,0,0,808.55
2024-04-26,20150.0,2024-05-30,PE,9475,55,7.05
2024-04-26,20900.0,2024-07-25,CE,0,0,1973.05
2024-04-26,20900.0,2024-05-02,CE,1050,0,1544.2
2024-04-26,22250.0,2024-05-09,CE,5825,487,367.65
2024-04-26,22250.0,2024-05-30,CE,14725,805,504.3
2024-04-26,23150.0,2024-07-25,PE,0,0,812.75
2024-04-26,17000.0,2026-12-31,CE,0,0,8481.05
2024-04-26,17000.0,2024-09-26,PE,0,0,0.25
2024-04-26,17000.0,2024-06-27,PE,204850,404,11.7
2024-04-26,24200.0,2024-06-27,CE,185125,1894,71.55
2024-04-26,22850.0,2024-05-23,PE,0,0,529.0
2024-04-26,21550.0,2024-05-02,CE,3975,8,896.85
2024-04-26,21550.0,2024-07-25,PE,0,0,184.45
2024-04-26,21550.0,2024-05-02,PE,297925,138237,3.3
2024-04-26,21550.0,2024-05-30,CE,3600,0,1087.9
2024-04-26,21550.0,2024-05-23,PE,0,0,53.7
2024-04-26,24300.0,2024-06-27,CE,133350,3213,58.3
2024-04-26,24300.0,2024-05-09,PE,300,0,1819.5
2024-04-26,24300.0,2024-07-25,PE,0,0,1619.15
2024-04-26,24300.0,2024-06-27,PE,0,0,1665.55
2024-04-26,23100.0,2024-05-02,PE,27625,1149,608.95
2024-04-26,23100.0,2024-06-27,CE,20275,677,334.55
2024-04-26,24400.0,2024-05-02,PE,100,0,1951.8
2024-04-26,24400.0,2024-05-09,PE,300,0,1919.1
2024-04-26,24400.0,2024-05-30,CE,43000,5479,7.05
2024-04-26,22950.0,2024-05-16,PE,0,0,574.1
2024-04-26,21650.0,2024-05-23,PE,0,0,67.95
2024-04-26,22950.0,2024-06-27,CE,2100,25,403.05
2024-04-26,21650.0,2024-05-16,CE,50,0,899.1
2024-04-26,21650.0,2024-05-02,CE,5550,23,798.9
2024-04-26,22950.0,2024-05-02,PE,37375,7713,471.05
2024-04-26,21650.0,2024-05-09,CE,100,0,847.15
2024-04-26,21650.0,2024-07-25,PE,0,0,207.0
2024-04-26,22950.0,2024-07-25,CE,0,0,581.05
2024-04-26,20900.0,2024-05-30,PE,232650,11735,22.0
2024-04-26,20900.0,2024-05-02,PE,307450,93220,1.5
2024-04-26,23850.0,2024-05-02,CE,689550,137495,0.95
2024-04-26,23850.0,2024-05-02,PE,350,0,1402.5
2024-04-26,23850.0,2024-05-30,PE,700,0,1318.85
2024-04-26,23850.0,2024-05-30,CE,9900,1859,15.95
2024-04-26,21150.0,2024-07-25,CE,0,0,1759.95
2024-04-26,21150.0,2024-07-25,PE,0,0,112.2
2024-04-26,21150.0,2024-05-09,PE,7300,855,6.3
2024-04-26,21150.0,2024-06-27,CE,350,0,1603.8
2024-04-26,21150.0,2024-05-23,CE,0,0,1398.6
2024-04-26,21150.0,2024-05-30,PE,31125,2409,31.85
2024-04-26,21150.0,2024-05-02,PE,131875,79294,1.85
2024-04-26,21150.0,2024-05-30,CE,300,0,1442.4
2024-04-26,21150.0,2024-06-27,PE,13400,68,126.5
2024-04-26,21150.0,2024-05-09,CE,500,0,1325.55
2024-04-26,20200.0,2024-05-30,CE,30575,809,2366.3
2024-04-26,20200.0,2024-05-30,PE,70325,1756,7.3
2024-04-26,21000.0,2024-12-26,CE,163125,77,2617.7
2024-04-26,21000.0,2027-12-30,CE,0,0,6656.4
2024-04-26,21000.0,2027-06-24,CE,0,0,6052.3
2024-04-26,21000.0,2024-05-30,PE,2910525,67632,26.4
2024-04-26,21000.0,2024-05-16,CE,50,0,1506.2
2024-04-26,21000.0,2026-12-31,CE,0,0,5468.5
2024-04-26,21000.0,2024-06-27,CE,510825,670,1756.7
2024-04-26,21000.0,2024-06-27,PE,2242350,17948,113.4
2024-04-26,21000.0,2026-12-31,PE,950,0,309.6
2024-04-26,20250.0,2024-05-09,PE,0,12,0.05
2024-04-26,21850.0,2024-07-25,PE,25,1,257.85
2024-04-26,21850.0,2024-06-27,PE,4250,167,251.0
2024-04-26,21850.0,2024-05-16,CE,125,1,731.6
2024-04-26,21850.0,2024-06-27,CE,750,0,1044.55
2024-04-26,21850.0,2024-05-23,PE,0,0,105.15
2024-04-26,21850.0,2024-05-09,CE,800,1,670.9
2024-04-26,21850.0,2024-07-25,CE,0,0,1218.15
2024-04-26,21800.0,2024-05-16,PE,78850,3285,50.45
2024-04-26,23050.0,2024-07-25,CE,0,0,537.45
2024-04-26,20450.0,2024-05-09,CE,275,2,2021.3
2024-04-26,20450.0,2024-05-16,PE,0,0,0.5
2024-04-26,21600.0,2024-05-30,PE,713600,32943,67.6
2024-04-26,21600.0,2024-07-25,CE,0,0,1401.3
2024-04-26,21000.0,2024-05-02,PE,4227825,665847,1.8
2024-04-26,21000.0,2024-05-23,CE,0,0,1541.05
2024-04-26,21000.0,2026-06-25,CE,0,0,4808.0
2024-04-26,21000.0,2027-12-30,PE,100,0,284.0
2024-04-26,21000.0,2028-12-28,CE,0,0,7751.8
2024-04-26,21000.0,2024-09-26,PE,452400,1604,183.25
2024-04-26,21000.0,2028-12-28,PE,425,1,620.0
2024-04-26,22400.0,2024-05-16,PE,17725,2770,190.0
2024-04-26,22400.0,2024-05-09,CE,203075,23313,265.1
2024-04-26,21550.0,2024-05-09,CE,50,0,939.55
2024-04-26,21550.0,2024-07-25,CE,0,0,1439.35
2024-04-26,15000.0,2024-06-27,PE,247025,77,5.45
2024-04-26,22050.0,2024-05-16,CE,50,0,578.85
2024-04-26,22050.0,2024-07-25,CE,0,0,1081.35
2024-04-26,22050.0,2024-06-27,PE,2300,12,300.05
2024-04-26,22050.0,2024-05-30,PE,41075,2141,145.75
2024-04-26,22050.0,2024-07-25,PE,0,0,317.5
2024-04-26,22000.0,2026-12-31,PE,100,0,462.45
2024-04-26,24000.0,2024-12-26,PE,146275,600,1110.55
2024-04-26,22000.0,2024-05-16,CE,13300,26,615.9
2024-04-26,22000.0,2024-05-02,CE,501575,41773,506.3
2024-04-26,22000.0,2027-12-30,CE,0,0,6015.5
2024-04-26,24000.0,2026-12-31,CE,0,0,3602.4
2024-04-26,22000.0,2026-12-31,CE,0,0,4799.4
2024-04-26,22000.0,2025-03-27,PE,0,0,478.8
2024-04-26,24000.0,2025-03-27,PE,0,0,1241.5
2024-04-26,22000.0,2024-05-09,PE,429700,58797,46.8
2024-04-26,22000.0,2027-06-24,CE,0,0,5396.4
2024-04-26,22000.0,2024-05-30,CE,1067200,19796,690.35
2024-04-26,22000.0,2024-05-09,CE,157800,3268,560.45
2024-04-26,22000.0,2024-12-26,PE,1068050,1937,406.1
2024-04-26,22000.0,2024-09-26,CE,50200,148,1434.6
2024-04-26,22000.0,2026-06-25,PE,0,0,486.1
2024-04-26,22200.0,2024-05-02,CE,447125,78242,332.7
2024-04-26,22750.0,2024-07-25,CE,0,0,675.5
2024-04-26,21150.0,2024-05-16,CE,0,0,1360.75
2024-04-26,21150.0,2024-05-16,PE,250,0,9.25
2024-04-26,21150.0,2024-05-02,CE,950,0,1294.55
2024-04-26,21150.0,2024-05-23,PE,0,0,18.65
2024-04-26,21750.0,2024-05-02,CE,7975,293,744.8
2024-04-26,21750.0,2024-05-16,CE,0,0,813.7
2024-04-26,21750.0,2024-05-02,PE,1139050,262224,6.0
2024-04-26,21750.0,2024-05-23,PE,0,0,85.0
2024-04-26,23150.0,2024-05-23,PE,0,0,739.4
2024-04-26,23150.0,2024-05-02,CE,1480975,605349,3.25
2024-04-26,23150.0,2024-05-23,CE,0,0,129.75
2024-04-26,23150.0,2024-05-16,PE,0,0,726.75
2024-04-26,24000.0,2024-09-26,PE,10000,80,1212.05
2024-04-26,22000.0,2024-05-16,PE,61025,3609,79.25
2024-04-26,24000.0,2024-05-30,CE,1886925,68766,13.4
2024-04-26,24000.0,2026-06-25,CE,0,0,2931.9
2024-04-26,24000.0,2024-05-30,PE,415400,2146,1441.05
2024-04-26,24000.0,2025-06-26,CE,0,0,1574.15
2024-04-26,24000.0,2025-12-24,PE,0,0,1093.85
2024-04-26,24000.0,2026-06-25,PE,0,0,999.9
2024-04-26,22000.0,2026-06-25,CE,0,0,4125.4
2024-04-26,24500.0,2024-05-02,CE,3541425,439934,0.95
2024-04-26,24500.0,2024-06-27,CE,237850,8665,45.45
2024-04-26,22100.0,2024-07-25,PE,0,0,333.8
2024-04-26,24500.0,2024-05-16,PE,100,0,1987.05
2024-04-26,24500.0,2024-05-16,CE,23450,684,3.55
2024-04-26,22100.0,2024-06-27,PE,32025,588,316.65
2024-04-26,24500.0,2024-05-09,PE,350,0,2018.75
2024-04-26,24500.0,2024-05-30,CE,521150,19683,6.05
2024-04-26,17000.0,2028-06-29,CE,0,0,9937.6
2024-04-26,17000.0,2024-12-26,CE,15525,15,6232.6
2024-04-26,17000.0,2024-06-27,CE,20750,0,5629.75
2024-04-26,23800.0,2024-05-02,CE,1027775,316359,1.0
2024-04-26,17000.0,2028-12-28,CE,0,0,10386.6
2024-04-26,17000.0,2027-06-24,CE,0,0,8966.75
2024-04-26,24200.0,2024-05-02,PE,150,0,1752.05
2024-04-26,22850.0,2024-05-02,PE,74300,37046,371.5
2024-04-26,22850.0,2024-06-27,PE,1750,18,608.35
2024-04-26,23400.0,2024-05-30,PE,10325,53,895.6
2024-04-26,23400.0,2024-06-27,PE,4800,29,950.0
2024-04-26,23400.0,2024-05-16,CE,6175,524,15.25
2024-04-26,23400.0,2024-05-02,CE,2594875,725402,1.6
2024-04-26,23400.0,2024-07-25,CE,0,0,403.1
2024-04-26,23400.0,2024-05-02,PE,3150,24,905.9
2024-04-26,20650.0,2024-05-30,PE,31275,15,7.4
2024-04-26,20650.0,2024-06-27,PE,950,0,29.6
2024-04-26,21550.0,2024-05-30,PE,28875,3275,62.35
2024-04-26,21550.0,2024-05-09,PE,10900,2101,14.95
2024-04-26,21550.0,2024-05-16,PE,50,0,34.3
2024-04-26,24450.0,2024-05-30,CE,7150,638,6.9
2024-04-26,24450.0,2024-06-27,CE,3550,214,47.55
2024-04-26,24450.0,2024-05-30,PE,400,0,1878.0
2024-04-26,24450.0,2024-05-02,CE,449850,27279,0.8
2024-04-26,24450.0,2024-05-09,PE,450,0,1968.9
2024-04-26,24450.0,2024-05-16,PE,0,0,1937.55
2024-04-26,22200.0,2024-05-16,PE,31250,1873,121.95
2024-04-26,23500.0,2024-05-02,PE,19800,452,1011.2
2024-04-26,22500.0,2024-05-09,CE,552300,84527,205.15
2024-04-26,22500.0,2024-05-23,CE,41375,1520,306.25
2024-04-26,22500.0,2024-06-27,CE,428525,7533,626.5
2024-04-26,20600.0,2024-05-09,PE,21050,1449,3.05
2024-04-26,23500.0,2024-05-02,CE,6290575,1145303,1.5
2024-04-26,20600.0,2024-05-23,PE,0,0,3.1
2024-04-26,20600.0,2024-06-27,CE,250,0,2101.0
2024-04-26,20600.0,2024-05-30,PE,87725,5601,13.2
2024-04-26,23500.0,2024-06-27,CE,473900,11088,205.1
2024-04-26,23500.0,2024-07-25,PE,0,0,1030.0
2024-04-26,23800.0,2024-06-27,CE,52950,1356,133.55
2024-04-26,17000.0,2025-12-24,CE,650,0,7385.05
2024-04-26,23800.0,2024-06-27,PE,825,1,1250.05
2024-04-26,23800.0,2024-05-23,PE,0,0,1289.7
2024-04-26,17000.0,2026-06-25,CE,0,0,7935.3
2024-04-26,17000.0,2024-12-26,PE,74500,5,1.9
2024-04-26,17000.0,2027-12-30,PE,14250,0,41.9
2024-04-26,23800.0,2024-05-16,CE,17800,469,7.05
2024-04-26,24200.0,2024-05-23,PE,0,0,1666.45
2024-04-26,24200.0,2024-05-09,PE,300,0,1720.0
2024-04-26,22850.0,2024-05-02,CE,2175825,1102236,18.5
2024-04-26,22850.0,2024-05-23,CE,150,11,217.8
2024-04-26,22850.0,2024-06-27,CE,2450,44,460.25
2024-04-26,20000.0,2027-12-30,PE,2550,0,190.2
2024-04-26,22650.0,2024-06-27,PE,3900,65,511.25
2024-04-26,24100.0,2024-05-09,CE,5150,621,2.5
2024-04-26,24100.0,2024-07-25,PE,0,0,1461.3
2024-04-26,20800.0,2024-06-27,CE,500,0,1916.05
2024-04-26,20800.0,2024-05-30,CE,46300,0,1772.55
2024-04-26,20800.0,2024-05-23,CE,0,0,1734.35
2024-04-26,20800.0,2024-07-25,PE,350,14,95.6
2024-04-26,23050.0,2024-06-27,PE,650,11,723.85
2024-04-26,23050.0,2024-07-25,PE,0,0,755.75
2024-04-26,21100.0,2024-05-09,PE,21675,3585,6.2
2024-04-26,21100.0,2024-05-30,PE,415775,14095,29.3
2024-04-26,21100.0,2024-05-16,CE,0,0,1409.0
2024-04-26,21100.0,2024-05-23,CE,0,0,1445.8
2024-04-26,22400.0,2024-05-02,PE,3902225,3462518,91.45
2024-04-26,22400.0,2024-05-23,PE,16800,357,230.05
2024-04-26,22400.0,2024-05-16,CE,14950,1355,322.7
2024-04-26,22400.0,2024-07-25,CE,0,0,863.85
2024-04-26,21550.0,2024-05-16,CE,0,0,987.35
2024-04-26,21550.0,2024-06-27,PE,1825,81,189.8
2024-04-26,26000.0,2025-03-27,PE,0,0,2443.55
2024-04-26,26000.0,2024-09-26,PE,0,0,2904.4
2024-04-26,24200.0,2024-05-30,PE,2550,2,1640.25
2024-04-26,24200.0,2024-05-16,CE,675,22,4.6
2024-04-26,23300.0,2024-05-30,CE,608725,31200,64.4
2024-04-26,23300.0,2024-05-16,CE,18950,1683,23.6
2024-04-26,23300.0,2024-05-16,PE,0,0,850.65
2024-04-26,23300.0,2024-05-09,CE,147075,23797,9.4
2024-04-26,23300.0,2024-06-27,CE,31500,1096,261.1
2024-04-26,22850.0,2024-05-09,CE,76500,17627,64.4
2024-04-26,22850.0,2024-05-30,PE,10650,740,470.85
2024-04-26,22750.0,2024-05-09,CE,83700,14511,94.4
2024-04-26,22200.0,2024-06-27,PE,71500,1237,350.45
2024-04-26,22750.0,2024-05-30,PE,62800,2197,406.7
2024-04-26,22750.0,2024-06-27,CE,4025,38,484.8
2024-04-26,23100.0,2024-05-09,CE,460525,47751,21.85
2024-04-26,23100.0,2024-05-16,PE,0,0,687.2
2024-04-26,21400.0,2024-05-02,CE,4625,22,1081.9
2024-04-26,21400.0,2024-05-23,CE,0,0,1168.2
2024-04-26,21400.0,2024-07-25,PE,0,0,154.15
2024-04-26,21400.0,2024-05-02,PE,1259625,253813,2.65
2024-04-26,21400.0,2024-05-09,CE,50,0,1081.95
2024-04-26,21400.0,2024-05-16,CE,0,0,1124.1
2024-04-26,21400.0,2024-05-30,PE,677425,28737,47.7
2024-04-26,21400.0,2024-05-09,PE,57900,5620,10.85
2024-04-26,21400.0,2024-06-27,CE,1000,9,1392.4
2024-04-26,24100.0,2024-06-27,CE,26700,683,83.8
2024-04-26,24100.0,2024-05-16,CE,650,0,6.05
2024-04-26,24100.0,2024-05-30,CE,138075,13396,10.8
2024-04-26,24100.0,2024-05-23,CE,4250,292,8.1
2024-04-26,24100.0,2024-05-09,PE,300,0,1620.65
2024-04-26,24100.0,2024-05-02,CE,228275,92650,0.85
2024-04-26,24100.0,2024-05-02,PE,150,0,1652.15
2024-04-26,22200.0,2024-05-16,CE,5200,103,456.35
2024-04-26,22750.0,2024-07-25,PE,0,0,599.15
2024-04-26,22200.0,2024-05-30,CE,502900,7012,540.0
2024-04-26,23950.0,2024-05-23,CE,1275,60,23.3
2024-04-26,23950.0,2024-06-27,CE,4050,329,106.45
2024-04-26,26000.0,2027-12-30,PE,0,0,1258.1
2024-04-26,23400.0,2024-05-30,CE,609300,34554,48.85
2024-04-26,20650.0,2024-06-27,CE,350,0,2054.4
2024-04-26,23400.0,2024-05-16,PE,0,0,936.95
2024-04-26,23400.0,2024-07-25,PE,0,0,965.15
2024-04-26,23400.0,2024-05-23,PE,0,0,938.4
2024-04-26,23400.0,2024-05-09,PE,2600,0,940.2
2024-04-26,23400.0,2024-05-09,CE,193200,17091,6.3
2024-04-26,20650.0,2024-05-23,PE,0,0,3.7
2024-04-26,20650.0,2024-05-23,CE,50,0,1881.05
2024-04-26,24200.0,2024-05-23,CE,0,0,12.3
2024-04-26,24200.0,2024-05-09,CE,13400,402,2.25
2024-04-26,22850.0,2024-05-16,PE,0,0,504.1
2024-04-26,20000.0,2028-12-28,CE,0,0,8384.75
2024-04-26,20000.0,2026-06-25,PE,0,0,192.4
2024-04-26,20000.0,2024-06-27,CE,505125,2207,2671.25
2024-04-26,20000.0,2024-12-26,CE,101075,29,3465.2
